flow_duration,Header_Length,Protocol Type,Duration,Rate,Srate,Drate,ack_count,syn_count,fin_count,urg_count,rst_count,Tot sum,Min,Max,AVG,Std,Tot size,IAT,Number,Magnitue,Radius,Covariance,Variance,Weight,label
45.007360249798765,93,17,40.2178656189062,727.2716828846319,51.236946127771326,121.15345367904543,8,0,0,0,2,3667.9009965357013,67.00659152110177,966.2457754406488,525.3155653927522,252.12083422567352,29875.000665279706,0.07612682673403966,74.87918016948254,86.39121274982566,9.240815771476136,402.85623425442276,99.40220761015222,8.585085215025362,BenignTraffic
114.09064533854895,56,6,83.79879095479622,25.662880847926616,223.33071833413794,155.0810594332178,35,3,4,0,4,962.004935215351,95.54964246661103,214.35167081289558,155.38047733144495,229.20705007466674,28439.68990171434,0.7080761943841201,18.384413831143224,36.837539008803894,33.51954469093232,376.65564192464393,190.30569538272323,5.33385502926917,BenignTraffic
87.86607362318748,48,17,23.1338626609214,347.67912422947836,101.82659015703494,148.53520887708646,18,6,2,0,3,2101.2790523301805,79.59960700811902,404.8148583184631,382.21325806094956,150.1866485916712,37207.4865104168,0.4835288436928303,7.389052500622947,63.8707915142479,17.886473054922135,399.08970668254995,171.0251178715049,5.78252613824594,BenignTraffic
71.87915225522468,72,17,83.0811875232874,820.5199865480404,97.42803140765552,283.8280208221383,0,9,4,1,1,5500.354370898874,63.32610477169581,450.47637433394044,471.0787834498433,42.37441952485786,40818.019315320416,0.8966077467080358,58.1884822352467,55.25587557991781,39.39098995489153,484.7722081221838,73.2774547190449,3.7247281342410923,BenignTraffic
18.806634989048142,92,6,12.121842327296095,9317.16885026611,51.54787169496185,64.37707804682552,9,179,4,0,2,2149.865125492025,47.88474297131611,1264.4144838271254,686.7828193839475,43.46685820117836,7300.399347071787,0.9826973686737116,36.42351469055835,14.6693869834593,29.282713277082667,290.9055774890697,85.99280367094818,5.45156213599029,Mirai-greeth_flood
18.8037429883107,59,1,4.789841179066519,343.8548614278662,181.55213220017356,458.8118868976559,35,2,2,1,2,5485.333801721178,55.74910047403546,748.4792108324887,382.73431159892925,242.4464436085319,1900.6684989868604,0.39971024122415444,28.27033310367885,94.80103475420496,10.806655451469652,117.91949992740167,90.43207813428016,2.187846982111665,BenignTraffic
7.064225098967115,52,1,38.470652087975836,10779.49740847843,379.9535329707616,361.72429691514105,8,128,4,1,1,2392.8303451625993,74.87292864936299,781.5594967177316,739.0604786031886,163.5232801907847,34792.2874632864,0.41602357724340117,80.91388864611633,57.4503380425435,28.69337514799562,432.48272396908715,128.9740960556578,9.60247746714691,Mirai-greeth_flood
103.95451987841473,67,6,3.7695205489187016,774.8965001748887,141.83863683878104,203.71558730203085,44,4,0,0,1,8504.34630781312,83.09007685363082,1408.850265176312,380.280667268908,149.66085066361515,15768.1979925516,0.40855463960352073,37.33233344111279,39.25518790526338,22.808158851502338,373.93805743250414,64.49118854582255,8.203245882909366,BenignTraffic
72.17368990801073,87,1,95.73129927203424,272.2464927643661,159.6128054333292,83.5189515405571,45,9,4,0,3,4032.987581120551,47.46531321111361,991.9202443966017,461.58489444725876,207.36438399460738,31673.211781979728,0.3252295556211952,32.38309600369609,24.231391266976143,13.116018572674335,213.0110730437448,194.15733637627665,7.011757547399663,BenignTraffic
84.99790207774585,68,6,82.63794900981719,648.8369391504597,323.1239555478497,441.5861240122097,41,2,2,0,2,2530.9511968504617,75.97583560264324,1358.1347821737295,647.2142622071008,259.0640591901355,8376.684815049011,0.7819054106686311,85.14877172373203,40.46739712541522,42.86820758279554,242.04905430157672,125.65000191466517,5.843749345159627,BenignTraffic
2.5680808660667136,52,6,80.09689174427452,6274.207833593991,101.94120223052485,412.77015460007675,31,275,3,0,2,8142.02918444591,73.02107673032506,739.1123974781461,487.30076331660774,192.3732118798585,23982.96228663218,0.7592367667282369,84.78244631215955,11.846044272105056,5.496280182461129,211.51367525464585,85.88631516081537,8.12952222605168,Mirai-greeth_flood
116.39219127422312,85,6,63.0148145073157,407.17603489859283,448.9941755596495,362.25216859500375,31,3,4,1,0,3494.105751573962,70.83732680144249,309.2107619256119,770.1635542871185,231.22589168047892,25716.81255710841,0.4791662256799743,36.28029713775061,42.720233981346794,19.04577245951477,465.671658512212,132.5518649433978,5.452815156272239,BenignTraffic
99.90987263197057,74,1,21.7107699013517,373.2865184127527,262.49430900951944,139.41578846856495,5,2,1,1,4,1203.7281096039412,81.40738706092048,1401.9098317037199,545.2518728855957,231.92845199391752,29668.81300228759,0.045616555162519855,83.41737139761065,57.83373345740544,5.566776717624204,178.33048963416414,85.12695200064445,3.6997651733907926,BenignTraffic
25.559459370325314,45,6,51.87421063097158,350.1248700279469,226.5634554585074,204.21108552966612,47,1,0,0,4,5747.053964896052,90.24697570500771,742.1871619345535,442.0320905507008,113.31582014995813,26145.330800197655,0.3102497422115604,85.22707054293339,88.46796212658502,9.320312592776872,482.10729654152453,165.3811793860896,2.4433681165000483,BenignTraffic
21.900813568131365,57,17,59.76767983579107,620.9842255616903,281.1209950049547,55.86038496394956,37,9,0,1,0,5857.485623936089,59.379380990612106,354.2839906303506,67.6939758355969,89.48412673588875,25288.84774120698,0.29301074350828266,42.96912296793696,71.86369759280178,18.369329862788646,456.0331679144354,117.88978250482704,6.828270299216266,BenignTraffic
22.090200731426716,90,1,52.5506469359408,447.9858371158628,87.18698514101675,98.5745647401282,16,8,1,1,4,7175.487184833769,93.34073140665757,523.3540364254911,360.29967318524734,242.337579480796,17303.973545208923,0.8112761589540581,7.580839890707985,20.042408181991725,7.442203342521811,318.95535970160495,17.974395647152733,9.364831705238627,BenignTraffic
36.578644930848576,44,1,26.09731345835758,833.5444821189078,308.6692036263923,392.59323547178275,9,3,1,1,1,2478.1723887630174,49.63801675711304,171.12362556451916,274.43631444512033,119.38184961743062,4487.831579586225,0.08848799784275856,1.15687980216767,23.297169199416498,31.848373956071352,294.11266881903657,43.58380481045754,2.3825669815391604,BenignTraffic
63.01829615270532,86,1,51.57326763904112,672.9065899726222,184.73486463383517,358.94416583108847,49,2,4,0,4,4493.336257013227,50.38143218506986,755.6208280389392,611.079250915617,271.9674418915845,5386.489643045274,0.8058697036636614,52.80595382601051,48.53110310365372,8.908830859378225,191.34374723428573,174.34885487561158,2.6201624054572608,BenignTraffic
51.89020773518968,64,1,49.1695154527758,5924.229169050702,449.1072387774864,298.77545267308767,26,407,1,1,4,2895.4423985222966,56.00632381743544,1294.3794406743311,206.20825636515934,30.210302051734693,22255.13544595053,0.6695144685469439,35.063473843665214,27.613697647490905,36.57711353297428,18.98581061521844,116.95096700779008,4.9024543006858154,Mirai-greeth_flood
35.01837390974523,41,17,99.63394400309176,643.7665415898844,88.58283230545464,448.38472933345554,49,7,3,0,0,901.4419875453124,47.17185217282467,1407.012638409365,203.91506547055386,26.883078501848498,18433.863263228657,0.7327090176713188,99.71605752167824,12.506479982448017,7.36889506822225,72.5353612564991,190.56526053764196,8.262094131277202,BenignTraffic
73.4611620772133,49,1,89.75387118981577,278.43596213518293,255.9902964133933,293.7169263174575,34,1,2,0,3,8778.476887457327,53.81915348097266,1405.6430905051013,192.1392824280326,278.8312064294084,26290.605429050393,0.43278097439743846,77.46868896310114,82.45133921062632,7.668900266049356,379.5733484412788,23.76023944353011,3.6453045607435417,BenignTraffic
16.825313892179818,95,1,46.391736746740435,14931.707895983327,301.0657515376639,236.1491599819873,20,359,1,1,4,7315.811064434577,46.384705774170676,275.32203588024544,144.21170986717695,198.05192511261612,15937.07029355708,0.6800460702057565,76.36627017869084,11.757031362819472,18.739665456496986,241.05466202820097,66.09951971633504,3.2852163220302533,Mirai-greeth_flood
35.12814335937266,69,6,62.33144455521836,683.3306117924169,21.524882884258705,173.48351942135253,24,4,1,1,4,3084.484288642127,89.30514501912342,634.8754355154798,283.25525275316556,120.08381337001637,34707.594481310894,0.6094199157622089,95.56903406044702,84.76206446782126,45.345718623617486,83.42068575210436,46.7732409155188,6.579696623165505,BenignTraffic
44.02678501091364,89,1,74.81237324881363,238.52089726247195,185.0280967542894,470.5220103394054,27,4,3,0,3,6033.792629432664,48.338139513197476,139.5202635109889,714.4415858325688,228.967520296693,43333.78627846602,0.7692112150334008,88.88471539143876,22.969356672966942,33.862696192549244,139.3408185246168,115.22965552345988,5.820533036868987,BenignTraffic
54.782791107622614,98,17,3.5830295073591087,462.29005843156494,367.65444117691226,45.94415345455498,46,2,0,1,0,2092.511502531277,84.8378534535914,1297.2314829600618,631.1963542294662,204.97477489815597,15644.296250556517,0.4473230646337839,32.50056046618248,97.72105697264045,39.65590813680137,474.44008092502986,82.73063790518277,1.5419832800071265,BenignTraffic
94.24259777102233,84,17,89.5026519786612,198.4216141908771,411.0868661872418,465.78924917010016,14,4,0,1,3,8913.342555778132,42.874832074800025,602.2580668297833,601.4384122300951,164.0483035776829,10456.216389012401,0.4733527992714061,17.43273493878376,64.34865206435711,11.369844926469773,189.8950893020299,39.881971474514714,1.7334097957834889,BenignTraffic
24.040886480787336,44,17,86.02666896015059,61.815487028643226,160.01518743455478,414.22375666585407,3,1,4,0,0,1237.572799282912,96.91121965083491,983.5638390491287,648.002604237472,38.67326937216889,6692.848138450367,0.6439326465170804,74.84333424148274,76.14846744669059,42.53564449612606,454.7641531573852,132.12286365231392,6.787116821662895,BenignTraffic
61.75670916579204,94,17,45.79746656759336,384.6916592510104,400.30366982946185,69.31531264517214,28,3,3,0,1,137.98774052722888,82.66960525166597,1100.8578133082042,252.06341699717876,245.53208031489794,31196.447987969812,0.10896941617272192,38.449115474604426,19.94352651712584,5.3665811687405816,159.2715578238526,111.89668950146543,5.186112392330016,BenignTraffic
71.13050680655888,95,1,39.177859631429946,369.31482912753205,484.03915916617746,284.6672570492505,8,5,2,0,0,5069.881157617903,40.40779291516671,701.7825376404176,715.5812680643659,261.1467252973812,22748.9435658879,0.436808203915953,47.84409251146469,87.5893666106332,14.587580782985276,276.17784623990883,62.199887746297186,9.738794724302323,BenignTraffic
5.669404485127727,72,1,27.368641548145867,995.5256857972145,429.1525983571716,433.941250965798,26,0,2,0,1,5872.965452183406,85.83139001201283,529.0192711703402,152.97753135620331,59.928919680268244,10212.77014261816,0.9719788944145458,63.409375396207864,85.52731085843845,32.724154451749705,20.033770847476966,101.15655797865178,7.1067826965705825,BenignTraffic
72.94462774298246,93,17,47.72001515020381,451.8888276856657,63.233774138865975,288.0455359855411,25,9,3,1,1,5831.756670928464,70.84491524597112,1447.0980741623225,302.25929503668647,256.64837907334936,33003.699931300915,0.038514767739985564,90.87939501658883,68.76934583875459,21.886088386732265,265.7188040830527,151.690279857826,1.0906629579390832,BenignTraffic
20.545842430106255,40,17,4.533228686970354,340.2338539774784,371.1665143823426,454.063911672508,18,3,2,1,0,639.6680816344802,86.76191022010718,1450.2835150333958,490.0610892255072,264.5757201948036,8275.675967258936,0.3166887181435274,42.48968761342563,55.20473781358486,49.288702627335354,322.10158519920884,49.00161816462512,5.329169018204157,BenignTraffic
7.899685998935014,57,1,85.23413398136607,12393.443329553049,163.23508205806965,471.77698932394105,27,275,0,0,2,3209.0336884924814,71.34980853343531,505.2109152420307,127.17881625650047,169.33429756366965,28160.734586549675,0.3147957092702814,78.54837213171677,74.93402558185052,6.36526610682432,124.80949867521717,65.65209187332853,4.730031415319315,Mirai-greeth_flood
113.87137591667465,71,17,3.6386946050126525,97.87972016669077,494.2659147589779,214.08033848123142,16,8,2,0,0,5042.069573729185,78.46149145812129,771.4751354422414,597.5976408323187,200.29192050457925,26830.270699637967,0.6338306551165368,27.56563933619109,10.533539380319034,49.93691755714445,293.6792163406249,75.76108754788187,1.9604247399439183,BenignTraffic
115.87928076563966,86,6,32.97223140045012,962.0490785952651,245.25269666414414,191.7702623961302,42,1,2,0,4,2244.1339377096847,87.17989932370243,1461.9818221240314,340.4345361526062,120.84882280420251,36977.162258118085,0.10669455906471575,70.09920730143774,63.31966798586135,33.063252478759225,327.1122083049829,151.878023068196,9.308879522849711,BenignTraffic
97.02684203916368,88,17,93.16578988306709,638.6104451351229,65.6047796876758,468.4789712147326,40,6,3,1,4,8738.996266310374,64.3064832752714,106.81577071770451,638.3042492063,91.71957777768714,3700.372357092671,0.6289154868479823,1.156362686713275,86.26655214363129,30.141814756824342,346.5741784070607,170.91529391467233,8.245101691735513,BenignTraffic
36.62319092388715,50,17,73.54774418689293,757.2894417414393,363.9668462735584,339.1943302690857,41,5,3,0,2,962.3819656681969,40.16248898922713,677.7495477308089,419.6722141884521,219.37511261597697,44505.77366071518,0.09594520041096781,87.27921413557284,42.120989845727934,7.678059915378847,390.43762779083056,81.51381432390606,3.0707731757800167,BenignTraffic
11.810886469365427,60,6,28.210956961694926,178.77315879217838,164.89054320117586,62.4312272673438,49,1,2,1,1,4925.105972553224,90.99678975671131,240.6405695533558,185.65589331900227,259.9437932145844,35446.59458119416,0.09585869377091268,4.007578415491787,19.746042083462513,17.29979944996508,162.55622903541408,66.35796374844446,3.303826829586975,BenignTraffic
82.13953987880761,65,6,25.33964448669242,415.38307447515183,498.5536877554225,25.93441586522719,19,7,1,0,2,6945.018969380205,62.85342175747975,812.8211517876437,601.0713585165082,199.68249035716678,11590.17391908935,0.7284551738312938,71.56262172149583,47.87895247688856,46.609820973121806,288.21070865162034,178.99488408681867,1.2881624798750586,BenignTraffic
52.8742839993782,64,1,0.607705767820794,428.4622222622276,489.9923166379883,284.49138024364527,44,6,3,0,4,2691.335891331376,69.76256356099498,134.537936356682,239.10796687920768,158.36127708749927,9986.862081877243,0.32481103865896355,5.579560736867105,75.43940041526562,20.941070143515994,490.9737245846513,199.87933711660895,3.6704570642113685,BenignTraffic
14.732384357888982,61,1,69.60185785569004,8979.572772957692,329.78633892018746,465.43462789202016,39,440,4,0,2,6279.98329627543,40.46599852923812,669.657803946879,418.10772595103214,56.088182384809755,22151.35049304539,0.9774455247660341,27.35832424000634,19.657108933360526,34.774394021026296,450.090643625927,137.36719153574182,6.261598080220182,Mirai-greeth_flood
59.4717115223413,98,6,4.973479809149992,11.224312961815349,69.26409223110021,422.9031076908801,38,4,4,1,0,8310.912986409508,69.52552062100588,408.9787046994692,106.6499518676807,25.503026655397264,41060.70114768525,0.03831558349911938,50.22303795209876,28.5443704191601,49.97733576884247,476.8060597681996,198.09631684794434,4.787590495480014,BenignTraffic
4.223183681714685,66,6,53.30699168813614,307.84457726972255,344.9961938491394,339.54463449984655,48,6,0,1,2,1984.3360534409708,99.18924409430377,846.6317074422371,513.3999908090275,139.25061917155648,42304.54966381625,0.4456615570542761,42.57392984947558,23.279666214582996,16.83813712250935,199.206835279,135.3935927823629,9.723299173477127,BenignTraffic
109.12751620924597,88,1,96.21598506194577,8142.41520499505,51.050090797713466,73.86234520108832,22,418,2,1,1,9180.483859066142,56.69605964912618,1494.3911087409795,549.393324662208,24.31137347225217,26502.34851482977,0.11402280173634961,19.99177534550005,81.72529800177024,30.92363955565222,395.59477188936427,149.35745168148674,1.5047215233730378,Mirai-greeth_flood
31.127719793842033,52,17,11.035939119439943,480.1376780711564,19.535258755684197,130.84453495560433,46,8,1,0,0,5580.229473357344,63.72509621454269,1220.7505471774468,334.0056574795877,175.10704325309527,43179.73227165014,0.3520275877913505,34.0476762592145,15.660336020723815,36.339700671599594,313.7499963625704,83.84464029326759,6.322871430091095,BenignTraffic
79.53642189404243,72,6,89.45854510370994,388.7010174415682,412.3644308796356,438.378057143545,31,8,0,1,3,3062.3968425804997,81.2313997881206,1283.89892827419,765.8170852408053,120.99146548215367,1266.741750392838,0.9982242281584415,73.04293063603573,71.79278519029896,12.408226095443682,50.54019070049813,92.26383392982017,8.724784964563433,BenignTraffic
37.474158023120374,73,1,99.14838598099031,128.6307119974699,108.82770910342227,95.48958214516573,46,5,2,1,4,4365.496926284481,88.88762005141952,989.3709823027133,705.6266911115513,229.58484470777114,2723.556945048234,0.8889536692267933,67.25645216538518,42.98112286778722,11.690265366328195,413.750390686962,37.38577615798508,5.326668211687504,BenignTraffic
62.45615573921952,80,17,6.245550921299581,8326.476353341459,192.6184274784532,142.82750708396512,32,274,3,0,4,3190.6996494852406,65.04349744036602,158.183787581162,580.955686804996,98.6380640824932,45679.2580882004,0.04927608444654151,8.109643792627654,78.02121185967721,25.533856024617798,341.7796254151087,166.3225028053734,1.0266644850435713,Mirai-greeth_flood
65.65056249325923,74,6,88.30233628683239,8980.431741040957,486.8614080382057,69.15232234174377,45,456,4,0,2,7278.600483339829,58.58013222407755,389.51674646180174,585.239055870307,181.96498328055532,38991.26456440989,0.5636925879818577,74.98426673171575,96.79450769056339,22.361563479168023,107.46950616248073,186.90121586856802,3.1852134984364766,Mirai-greeth_flood
22.264049217510696,40,17,51.65629414231731,739.8084227571707,171.73604842124612,339.6735745501335,4,2,1,1,0,7983.376567809809,96.26954799910402,1395.090379025877,239.30128620661344,165.92822130897915,23084.596854268897,0.6481744825196113,6.251542238505807,20.309076962783408,37.139694658579124,49.07189314043606,128.4532454018813,3.9139207810116954,BenignTraffic
116.35319686897057,60,1,90.66072057251354,9713.044017565082,151.76244173524105,472.27124115478875,42,145,4,1,3,8346.080183954744,80.62869800030015,612.5583651002518,542.6114233163368,11.366603401449936,37926.89644242137,0.21032508932617555,54.74971252087866,38.294653696071265,8.12789471518638,420.140844017682,75.2929886046257,9.693950451017162,Mirai-greeth_flood
93.03842552099763,87,6,57.17476229776546,251.22014890322797,459.5129598132737,138.13917563971606,47,6,3,1,0,9859.105670898838,47.14127826958847,245.0914170731138,198.65469892663975,30.99292549665,47826.33362444766,0.1459604678230538,26.746212056176873,82.91128849469713,48.74749806833107,48.661896450688516,39.263101821129595,9.205959536548296,BenignTraffic
112.74592309354628,94,17,66.2449898096458,674.8428591769069,59.82048043288427,240.3262708857865,33,3,2,1,4,7933.714495717167,44.13567268807892,1083.3675122126829,158.00241793986658,94.20678162094595,38832.38667018297,0.9044767535308579,59.181322628422066,33.95425474460588,5.642464175862456,54.76339402955395,60.37968364400984,9.542534545968673,BenignTraffic
107.38979931627509,45,6,54.42351290894019,101.99985293559602,380.99329300674276,318.9981711570461,39,0,3,0,0,6053.702299816778,69.01299104742215,519.2408135079565,799.6009206519351,265.8481734960219,42276.19535709778,0.9688476250418933,26.871511198149282,29.36085373414368,32.0592570951268,219.4300610731145,58.52797996185023,8.431826118552715,BenignTraffic
71.78820745944911,67,17,86.46283874270411,264.4767937677591,494.0924554931231,499.7357928667372,10,7,3,0,3,3458.2809540786598,53.20540396283634,476.39967806584036,516.7819486048807,52.63433692093578,38269.722488113024,0.9919009644623222,98.51083899295728,84.28401800820745,30.318466814032476,76.05093592554377,126.57029799107889,4.16482960702514,BenignTraffic
110.63272077927171,56,1,73.4176009034748,790.0229684093423,451.14152533345117,56.87999217379819,49,5,4,0,2,5491.494942236419,55.23908520257521,1497.1684377815645,373.24090449289287,216.15935583355707,9242.343529243539,0.7899720119608998,31.663090189025652,98.83741276053732,11.06220788913766,457.6981027469325,189.55711841908484,9.152887798865805,BenignTraffic
10.710250996025147,44,1,52.173905186823454,866.0393301132049,327.5756197596808,251.79254575532602,2,5,1,1,1,506.5749106250137,92.66153072967089,1301.3944950373161,266.1233921629635,292.27630418416334,41845.1313726411,0.6638385673358519,24.954102931775104,60.119253113316915,11.79121922210884,240.439128768986,19.17165852201648,9.83516055343344,BenignTraffic
23.598345204055512,70,6,86.82926432474954,612.4015485331934,160.46009352140234,195.63445935173752,32,1,3,1,0,7473.768247746139,45.37396145897864,671.1129457149775,502.94033274667055,239.26459028043502,10560.332181186292,0.34638452194080493,28.568063800619253,35.02438735000054,40.6704869507582,288.88398052074,10.19423692294512,4.150641810474577,BenignTraffic
5.522751940373514,44,17,24.604024672307926,511.7700475022778,130.88938068326678,433.58098178506583,10,0,4,0,1,4514.959896411808,82.92184691373338,1472.3656909430986,87.1951311650646,80.45415488924274,44737.955074163205,0.17222691401242768,89.75081286867024,45.870936544004856,44.94031062857074,464.7719838442629,124.03456941972186,3.3450036938780405,BenignTraffic
39.1071066585154,77,6,15.818331904282346,167.7109804127905,410.53127691137325,240.60402685076969,15,1,1,0,4,298.22997434865744,56.26853520283528,1010.1585127868991,121.01074287859629,273.4259255197937,23473.845005972722,0.07990161876686547,63.98566403826513,25.31172946452481,17.735763464769633,269.82898056279083,63.9714877951459,5.922246635039992,BenignTraffic
46.7024070337689,42,6,16.123970522474206,7215.934304394474,440.51184740608915,59.933874669648304,17,199,2,1,2,718.818720953067,85.61969328424826,1138.8314326316643,74.64252330529726,37.00107538743312,34171.8608632404,0.6936041710829405,73.33772564465687,78.56985510016773,24.70837837831558,183.25966151908608,177.30418504440183,2.68436973339037,Mirai-greeth_flood
32.634748909690124,92,17,33.46748698664927,10267.478524300463,265.09028171011795,319.0399519168589,29,162,2,1,2,3935.9179918353907,83.34468306781267,144.11826031509622,424.3773749469963,145.76116314251337,25364.80154615153,0.784938691764179,91.8830404993407,79.61266160404911,20.97477684672591,400.6060018497576,72.17755850210523,1.2936179926574218,Mirai-greeth_flood
99.46562734731633,62,17,23.945134126971652,235.0837270951378,125.94827068930074,386.5364060406205,47,0,0,0,0,5875.873038282507,40.44351408665758,270.24736308727995,500.4549718903869,267.38715324066,5605.5555414135,0.8266271988025251,91.27537599965574,88.7608893144245,8.264615584399335,226.99659676285324,65.05014410048898,9.512480540042827,BenignTraffic
42.87472387056136,76,17,93.01602601592289,348.25775687795164,60.90688816353091,6.426219574479223,9,6,4,0,2,4695.619094626054,70.54812477529595,986.3191770947337,96.85982101836564,195.96705568449224,15245.39307341259,0.9138512383004949,74.15563881129403,12.394230723690749,35.29419107071142,166.05001854512966,61.20701803147648,9.331665691972773,BenignTraffic
33.784047711516955,92,1,10.672825973475542,10333.38114892572,48.153836576756426,430.1835592832116,17,400,1,0,0,6230.122741192333,48.359168942682786,1358.6335757092775,590.9183506241874,129.95692377103268,49202.8608458533,0.8800496340747352,20.58461845529097,60.57832074637413,42.13368206625606,364.38243471671194,37.52203718096638,2.4638846838590895,Mirai-greeth_flood
65.16926037067398,76,6,69.92917473015481,9073.315898475925,360.94333644015853,97.08138500280448,37,369,3,1,0,4854.913162034422,91.9736218347206,973.2412165226339,222.7963036359233,94.91573135377894,48075.02283182105,0.9997415309858345,84.49395874682554,29.282989090886595,18.71957108260432,402.7867815403911,120.49079011265101,4.669662222367474,Mirai-greeth_flood
16.996814574474044,49,6,19.00323182452209,246.66477887529294,212.95877028462385,278.27433550342204,18,3,2,1,1,6650.868070265333,92.29515297174439,287.6348520465885,563.9010903273995,118.77882754232148,16703.857985121816,0.24481994695628403,21.173827384915306,40.679471394312145,49.55791071338232,397.940922116293,41.9605844434999,8.479326819454169,BenignTraffic
96.28341799240935,49,1,88.17554956375798,514.6270042841811,453.15313776754584,210.8197628402878,35,5,1,1,2,2269.3480402409286,65.10074844962548,262.0640647448545,786.4228550264343,157.593116492693,49818.54340801606,0.7635443075969983,74.54698259574477,80.64600537578568,8.413320077705972,489.0604629230667,90.67992036015526,6.949002689387677,BenignTraffic
9.038622177204521,58,17,96.13539728967226,827.0332471505678,371.137293859748,361.22863922221256,12,2,4,1,0,1217.1475531178519,66.66373710706483,1281.8602541537143,568.3294025403884,102.52273966311414,42432.00857934808,0.5868730528624229,68.87470358794256,27.283028712534655,34.78058212165344,395.4668049487317,97.58468992857328,4.553087582536426,BenignTraffic
118.42774369840203,56,1,46.600453876121364,286.9065030867644,99.67390686772042,188.7249993189422,45,7,0,1,1,6004.696150794033,58.19697636427163,295.02327419108,712.3947896927064,291.00068000386693,30937.01547218048,0.2619838873211288,76.12999616390421,67.45075755229807,25.170260653674003,387.26738361485627,13.893488906815147,7.69753897464537,BenignTraffic
92.69214783866923,60,1,87.91924087479035,942.9631489112107,308.819822313771,435.5327724574468,2,9,2,1,3,4898.426217669444,82.99637793760186,828.3247447056356,761.1488800573005,280.5925193891821,2966.106392789465,0.9819234169646559,53.735882390667754,68.91095721012383,25.097085549799516,430.1677743307479,13.193383166017075,9.073426493891718,BenignTraffic
23.926010215947272,53,1,0.6140025583960053,874.6032951066094,220.57519992708887,366.5956986746012,9,1,1,0,1,365.9897750448594,61.51968178158755,151.95864794722317,415.06328626423664,262.494725782153,45170.8946473806,0.8980002066694779,64.23389204267275,95.86845234120706,25.59405272150931,10.090745694766976,108.84041086379756,9.335424974732813,BenignTraffic
0.7621018431199277,48,6,82.0126970490692,170.1465692385885,290.7386167304635,325.6180196761461,37,4,1,0,1,3866.770666381055,56.06754847135802,212.93767434764834,576.7437345647801,132.3306523015695,28314.034683951668,0.1293871527756723,95.37868796299128,79.76448356760433,16.64067982106428,187.59139148200762,142.24659912353513,4.409646507299701,BenignTraffic
97.87382527173462,85,1,22.939653636339862,788.4131971895235,370.34421605256597,399.13909480361286,0,0,1,1,0,1150.6432963608554,65.93386357027049,1041.2875747000107,688.9769401668813,210.4775131072164,43555.33140893571,0.027132183981096427,11.007770823247276,82.32716324383242,37.20032722995046,371.42551705686685,189.0070716332769,2.5620461206553697,BenignTraffic
84.85219552732929,40,6,90.87926079600985,578.841508494589,404.06696109687647,378.2414022895492,26,5,4,0,4,5360.432634351682,45.489251103247526,1064.8539745985233,317.4566846557896,271.82049904042975,41887.02687538137,0.6886424315703442,31.57588020338038,57.84406741161041,37.47094367382621,303.8623154440359,44.03266398982147,9.215549723745776,BenignTraffic
87.50795944811438,90,6,0.21189913686293776,5630.336524997616,422.6499765713285,22.789644086168902,45,183,4,1,4,4018.1990286382647,84.79619227865223,578.0571692518193,246.04798742029615,256.6245514268891,41817.30454485322,0.6045264982276786,61.52434429673986,26.81027264461336,17.707869954762216,97.01028128949265,29.619173792855687,1.8329990127492544,Mirai-greeth_flood
92.5753145676449,84,6,55.662555330471726,397.1323354275927,130.71756291315222,200.39350515318992,7,3,4,0,4,6170.203919919877,40.755784076307215,401.8536713402627,759.9489295837541,130.15483406586023,35210.51917503035,0.9358798084870348,96.44135888301744,48.300702914651644,42.58879073863026,158.82921365338723,19.896702316158677,7.495195521053473,BenignTraffic
8.977953742917434,52,17,75.68791679811497,506.14146919018964,20.402221959092053,465.7496121716625,45,5,3,1,1,8075.46196582536,78.66910369123563,1239.194379060231,594.7276252766135,42.5919543034556,15279.341795126382,0.23477128187320948,10.461870318597514,59.45406161606383,19.25802246426485,175.02837943023232,92.84790075346055,2.264475833747215,BenignTraffic
43.08004085245829,43,6,25.94296423672101,403.2069896549189,370.9508939065627,67.23351315115198,41,9,1,0,0,3066.719970030759,50.97187160529234,403.9445212578465,214.76160003186973,31.932805512019343,17471.852629481473,0.08530355994709206,3.2323729314785563,71.05773265423412,37.629190579394404,288.23577447443483,128.3979997938318,4.50448169200923,BenignTraffic
13.992700237063053,40,6,19.39397317227058,544.3352925723434,57.64014449660842,369.8627924638654,16,7,2,0,2,9624.810831233772,53.94424277286479,858.8378975329316,386.8125445070851,177.34857311545377,16114.991416551631,0.2599561184382145,6.519210248562473,64.69382006487345,10.44498953804299,417.48316525612745,169.7051377827402,4.704001718905246,BenignTraffic
103.58610076248367,88,17,8.501412624351667,631.6705522449095,160.885196363419,487.4229466109882,8,7,4,1,1,5402.781555816987,78.13791991840239,1455.4923772080676,647.338827153357,196.36210121117017,1982.25397709567,0.01990871287095199,6.188162959658682,45.45800460255192,12.591573926168554,466.9209720910631,139.70252763569496,2.4288212360087504,BenignTraffic
74.8334454066242,79,6,32.71071429267897,8052.5362910044305,6.889481391551836,30.838321377260957,5,340,4,1,1,6221.078907672401,99.57660794697443,306.99341300733727,460.2972431888316,256.45435533313696,29545.876551525747,0.036856858437743494,90.87376991996304,33.87817962962573,19.2108040028713,377.54528229828315,49.588549924222896,9.304132906059507,Mirai-greeth_flood
39.77467317983264,71,1,56.028446799652066,537.1563806338319,342.42639378880193,342.68597091017216,42,3,1,0,0,6838.656494934797,86.66304934435304,1417.2267744925923,537.4640736244169,94.82935589889901,35242.84985185561,0.9149429481148389,72.40453288544865,25.140775888331476,31.724319545053767,423.0456911866368,97.73636961529301,1.0240135120835765,BenignTraffic
7.720646199294234,73,1,11.67280129234774,724.2078466554444,87.73034567825452,236.73629994401006,24,7,4,0,3,6700.642145590139,53.55037793340352,356.05027429613614,615.3261515337892,58.56644225951232,42839.433682734976,0.3526645659193764,68.03353025343155,72.44608476450398,34.04801684654147,240.34701964124287,182.9658057986445,9.044276888949675,BenignTraffic
37.3867803737079,67,6,37.7318666624812,149.86526878275075,329.3647927973708,291.6917514104875,38,7,3,1,1,5158.610356146114,50.56148530246803,894.4204912325214,516.5068916067355,119.91169162167785,7868.106235753788,0.41139819200867095,52.73470920591914,68.08588068812365,22.83602773853637,200.9899066149208,72.08080187070053,8.954463911279369,BenignTraffic
39.08948031100697,70,17,1.0063332248072239,219.86266599321615,495.91259549808024,47.2439615597408,48,9,3,0,3,4344.766482035367,91.97397221606022,627.8107967422425,455.0594914416468,112.53678585335976,27664.974299863286,0.019353282883566306,78.41330908024304,71.8635219182026,8.502761889973131,202.4271807506663,104.75876936746698,3.8526728832820147,BenignTraffic
87.57978078273388,47,1,81.88607410793419,820.5476540335275,40.972081446958065,26.28844117413504,27,0,4,1,3,632.4414453560413,66.65103687529026,1450.9000421025562,612.2107132908301,48.41599666517788,1392.39889301536,0.27125125839167474,16.40915128339749,43.52747075225154,21.813559344172592,311.85887888657896,192.12741358230238,7.33855842891348,BenignTraffic
76.54314081549005,78,17,12.932026937509818,11621.730123235728,43.15361591597304,335.09899697270623,32,373,1,1,4,318.6498684816794,48.22316816968933,482.9588406027117,595.6722765741505,204.96196922881413,5659.588737825745,0.8049212577576895,39.8021777890553,33.61670403136705,35.99453821816182,70.87598572234641,149.59452105900255,3.2752802016848395,Mirai-greeth_flood
106.47680783490155,65,17,28.405960531731605,32.66488672635904,173.48814587000408,412.53816776125535,36,3,1,0,0,3643.81582587437,91.7326853993163,659.5212029200551,522.4043001373842,157.52066281151903,3656.37546609366,0.6158754687070525,49.51042082567001,78.37491958128328,35.194795750864216,293.952149567228,152.07067327192146,7.828962060285446,BenignTraffic
56.718569526917726,97,1,1.9409291019479253,162.25323817135077,433.8613245544143,392.0975907918188,8,6,1,1,3,3403.242817273557,88.96554117485569,1476.0041649975888,319.8420600364472,219.12559927328223,36548.42366675886,0.7540268204853289,11.930540269995898,79.62826555498006,12.208838594244924,335.9151014900255,57.943460838513246,6.050077676089691,BenignTraffic
14.439350088002374,73,17,43.28085431086198,231.37829015134812,111.68728505170927,274.1838352937875,17,6,0,0,0,3938.1820329061666,99.03438183382981,851.0585476638624,354.3590691502037,112.28042484922307,4971.918630002555,0.4477665270529913,42.53185722441418,51.005473657015656,5.350278662103522,225.06528270105701,88.79264247797435,3.702029088228925,BenignTraffic
85.6180499880371,93,1,84.02813812384775,7219.950450189755,183.38702086552203,54.4340764624082,20,348,4,0,4,1469.8451887930812,94.58462120276104,803.6821618697549,777.8289116630731,104.45364135753367,36106.19609638071,0.3104194925295787,32.333676146999416,65.07136762905918,38.88417277832526,477.051916617872,25.645010988377123,4.6021127827388915,Mirai-greeth_flood
91.318127329166,93,17,39.27590602337514,577.3110146415409,38.91017628035489,345.58199969882685,1,4,1,1,0,7407.865878314752,91.1074203196325,460.8898834855878,134.28944921864436,147.04699738271813,13231.610516118586,0.483327283235042,4.522632433552801,43.61676978085671,9.786567487335967,308.02450346599187,125.2399147396014,7.208998590145631,BenignTraffic
67.39713598858259,42,1,18.03178261004096,5083.4973751376965,382.7618691731502,124.73499735930224,42,242,3,0,1,8583.947706284765,43.15446386866019,1081.908984434618,251.3786879396265,264.4481301645926,44007.93507415004,0.32374799733734544,14.536804870194288,73.17524801078261,8.705711478392848,117.79974139594634,29.708731263073894,9.154877046794047,Mirai-greeth_flood
92.53896487655186,98,6,75.39451352164687,579.4117169916586,207.1116396659283,455.9790078698549,37,7,2,1,3,9393.274890202947,46.26492216988708,120.1221324888887,419.3013194032518,21.6815789528543,40844.34942982689,0.8391321255773939,76.6396454935797,85.21494369830842,5.121554757537356,244.81596614242298,168.82282061913142,2.1765386491054715,BenignTraffic
59.30609200409045,89,1,78.90181748888735,484.56089573647324,380.8281228651172,419.94135297512395,39,8,2,1,0,4974.3868048442955,74.13899165824736,169.31768158321094,677.5472646078393,243.4015170159769,47933.68065628855,0.29837604187725286,2.785753040959801,71.94099496020846,24.467059668061726,340.948174196294,164.76521953379938,6.142275727022414,BenignTraffic
62.77566624290109,51,1,17.457972183225927,320.5904142821551,452.28588295166355,356.1445687082585,35,2,1,1,2,7038.570421341743,71.88875477690925,939.1020219901238,172.7567477972959,117.00640767074938,44304.33875744356,0.6601038768126307,93.49107661053975,56.132436416242285,27.646875540536648,168.5782710444347,111.3849692132388,3.283562795114057,BenignTraffic
51.36216810119011,40,1,77.10832544324488,12140.543306554573,120.21775781513793,474.6787481364095,49,353,2,0,0,8569.956122015137,67.47779286937212,578.3444033458358,257.7159635934574,257.83951747865854,46733.14153670101,0.1378452400872183,9.556038612276504,51.27921635431333,33.69488207668658,49.024387081621356,36.82154630743564,8.212350248879133,Mirai-greeth_flood
3.1477532966170134,93,1,94.73505903680817,147.80604437135455,404.6610350182759,20.5538016480801,42,3,2,1,3,4241.081999825511,63.807359524875054,1434.6429210813449,99.34866334642923,242.63887256239838,43078.37742915208,0.687179627241175,80.12457132614236,67.80876858781699,18.322872832066363,295.88346100833365,14.86000680708195,1.6321357528253295,BenignTraffic
13.036182096497203,83,17,16.72112093453401,7212.215141822991,34.251475588735374,369.4192104050772,36,491,0,0,4,3163.1866692173994,65.87262909185974,1364.4669670119,579.4889495381138,111.14076174486563,34975.713130127915,0.9133864118884337,89.96303755340361,71.18298024411972,36.9691122374051,474.4563826236432,161.37464683308875,7.200602111540528,Mirai-greeth_flood
3.868359363839437,44,6,77.12133082396034,831.0390810898708,449.92945714922246,168.47017577152064,14,9,3,1,4,9373.573102949553,74.15787604808772,1099.1887621473902,228.65707660671208,211.22419524326864,9342.698454146363,0.6089745714852683,94.17242290019426,60.28564991720851,12.61993358331237,247.68527292595513,124.0266918105511,2.5745141232192683,BenignTraffic
76.40560831052727,69,1,70.88634325980267,324.35613339796964,327.1304310415799,453.5026134147508,27,0,3,1,3,5205.197855663024,40.124591056004874,1245.403813578922,341.50606300321283,56.29349946429764,14313.668423850555,0.5602955246544428,86.88022532610128,66.24480475966556,42.439552389965634,453.9934495170486,145.07663098209784,6.367468765629063,BenignTraffic
37.791282131051574,69,17,47.410031454665344,953.2695523252814,437.742228448484,137.0042223476789,17,6,0,1,1,5022.813477249692,55.642526447971136,1034.2645895347705,382.7760852722509,269.92165012749854,11423.62134038338,0.9611571497536187,29.46745390311888,18.6929814245079,30.73317480007005,419.16155830213006,67.72335388990984,8.521233284734228,BenignTraffic
61.077625870647864,98,6,5.88625400982395,826.9487597414125,5.093257780508039,363.80396716093344,33,8,0,0,1,1866.3193559786082,71.09678324132267,275.814943794225,718.4854517048417,127.30240869105373,30575.703595252075,0.6277691587605305,33.97562600250922,95.6588964528094,31.27504205174218,82.23226398065185,106.80172019034376,7.795725959095116,BenignTraffic
108.91722022373855,96,6,7.561972334009616,669.6438169766893,88.69512982621629,439.4352747271368,21,7,2,0,4,1170.7346442762318,83.33296592041877,1171.7607175648836,358.4977177484276,142.13142845300806,25677.376960706468,0.2602908828398095,43.22802416239752,81.16957573588306,14.439893620059866,357.0032616994297,151.9630924025336,7.776485989152736,BenignTraffic
29.99013827495011,56,6,85.2562244539449,9767.952239003833,197.93089677611357,25.6201250994278,10,480,4,1,4,8436.857938586765,50.44940154372378,394.2687562063849,158.9187649364368,214.6701248007256,43486.91986076276,0.29309863282389265,14.790372251302982,43.65350827361054,8.33489371851747,223.37810728526944,97.88702857962191,5.660607809682147,Mirai-greeth_flood
49.30491247197201,87,6,99.01582243778964,483.4516828175916,192.8539371704857,201.83555189805787,12,3,2,1,3,6179.918444256429,72.81287042724597,552.8199971402755,443.23620375509074,248.04366864440678,47680.97045845471,0.7056013358933914,3.204973051655162,60.653134985826696,25.912616138630213,132.62069937883908,124.26300232605888,9.016710326647493,BenignTraffic
90.69058151131154,86,1,67.63762049295677,511.0464792982833,117.23153954713779,382.3429708508596,3,6,0,0,1,3325.663381792542,82.8675810331469,1246.9278969433883,772.2184959864722,78.53939556518078,20838.134591289072,0.7357011572982941,87.04303981382243,14.259207712277922,32.70253783650615,346.59979427668446,160.04836974351284,6.292946784177981,BenignTraffic
27.532900042445537,62,1,44.651234870331116,240.2258447817263,193.89791023426406,230.1848503062556,21,4,3,0,4,1998.1885521636382,66.67765947483429,851.1358517508274,505.76423078810825,201.79154056432867,25811.177110759807,0.3041927355572262,55.858742904835175,13.710503259915434,9.277090639775853,373.90375214164646,50.891922600611984,9.257661716946135,BenignTraffic
9.32989118847228,54,17,64.79260697585056,89.16574041570892,68.78011244012615,137.2900517478297,6,6,2,0,1,5599.423073679351,41.62486802020306,1303.916999856773,787.5404153454294,123.67943272785307,48604.30148340282,0.34599863394840386,61.263571275643415,32.57185016007664,47.7740513537675,98.14919618007102,22.526488977921638,5.9187021204917585,BenignTraffic
34.84119920436079,76,17,59.48014633693168,778.9563941669758,209.31675898668288,113.80364766747907,42,0,4,1,4,5880.80096368524,66.9560895079382,398.2494477805699,680.8304817041526,116.92384796114878,14535.708139534034,0.9910654522303479,92.77185900696173,72.0731478128161,49.11864621047631,458.07789420754216,111.04646705405298,5.5536900671800264,BenignTraffic
19.430432341755132,60,17,38.422864814521624,130.8147016031511,402.1653929338358,70.10154212360706,23,0,2,0,0,2149.2366523260757,57.78669326464919,950.889814049642,76.9743171600596,210.10748894278987,39827.14799258187,0.10285059703069717,66.84689763324795,86.69329730200106,29.54555129266214,378.06214953620605,21.80389643681819,3.00117717289283,BenignTraffic
111.57074851587451,53,6,6.656051842943893,598.347843056157,242.13968123615885,429.2791321288597,3,9,1,1,2,8528.916904125592,95.7789764620797,217.30736156756626,543.7996965327814,122.28314950522096,12036.755214427067,0.4052403834116592,69.39449692964153,60.32672919818636,47.75311198730328,467.35399457956464,155.64588592968312,5.903079886271845,BenignTraffic
96.99363350977359,41,6,82.16914344600335,937.084682144824,13.910044027881419,289.8009246095202,27,2,2,0,0,934.2172249429258,47.476803140699644,1000.2853909560415,265.0751581684127,110.37146504767821,34391.54565583832,0.06338508366630995,78.90989619523748,57.89194656241172,13.075035691138389,165.3658771942086,146.65017505041985,2.2652634812400727,BenignTraffic
76.04511040559977,50,1,37.24616957094859,11780.603767876752,213.61480058172748,42.81054777077071,14,417,0,1,4,3625.3215431475746,79.14855733043393,1167.5476528857487,469.7126417335429,252.4076383566103,13427.165754289643,0.8212572836362427,12.518496535882974,46.20785804123194,6.14393083307862,470.27415771406356,177.52540757840643,8.827211811335909,Mirai-greeth_flood
104.58812476350735,90,6,81.89668577137365,284.9750975117685,18.45163296496786,194.37726016746453,0,1,3,1,2,6835.805696248969,43.16318598007007,918.9032515702104,259.5088931984199,39.370075910991844,44302.936052737954,0.09325349310648681,36.656053168165364,24.543816036221905,6.773429088067546,190.57365234080663,131.5167986264525,7.083026998374641,BenignTraffic
96.46028202020382,78,6,25.325624093869386,852.9341511757526,483.2904882998651,187.0281571485294,2,6,3,1,2,2813.791601810087,66.77022626876179,472.72410209833436,311.6528124539678,206.00886062076108,28512.419243097163,0.6743333491062484,96.85258484263326,20.651869119392877,31.438061574205058,36.44518309942195,22.767538442951015,9.942719036436477,BenignTraffic
22.4697500604357,77,6,0.2028450365787763,10.329181059284512,68.08970991432014,94.96089940118418,13,9,0,0,4,8293.984428334592,73.23876923320483,143.8797364024134,742.3765338156345,82.13036419928115,10110.748402844843,0.05742694057947857,92.37007773196005,78.46117850988695,7.773884754657059,383.8550004674214,58.09890384302731,1.828876850114708,BenignTraffic
107.11782391894833,99,17,15.977934499347977,27.51093151712465,355.30572153365625,220.5762746087344,37,1,1,0,4,7424.691483343995,57.877295879011925,267.2284375500001,204.98238866877898,14.494490129595189,11994.089609225815,0.6731821827718815,88.52345433470829,93.4753196166918,48.134552307083915,354.718990603287,163.50705046691667,3.1660547486075816,BenignTraffic
64.76713480568652,73,17,46.907087735181584,606.5276322044363,486.5242798315825,169.38918586960253,49,3,0,0,1,7911.326161026529,67.30453813122307,971.2241707036367,705.5818385193728,58.36163797308069,25198.610589696913,0.8431939099807756,45.75676252355827,51.24548947476458,11.386994484172936,302.9763862090329,41.75515928958167,8.894427438395253,BenignTraffic
96.9120746041711,77,1,94.4359331322872,371.1502369530842,413.8893305749531,174.19283421863037,0,1,2,1,4,1279.154705179491,49.81322767181124,1408.1883035795192,72.84335605287261,185.93184363500166,48118.499253169066,0.3994227053971333,85.86210240509376,69.35010928440744,18.71252627238404,250.04793474824527,142.7112888848286,4.5572868979202585,BenignTraffic
107.54134686082683,89,6,10.309142607402526,5812.791048408877,351.1611106874708,370.81814610503955,37,378,0,1,3,1491.4165671558749,58.24743096808217,389.14816556080893,118.15740377723628,215.64688553092185,38712.46603029907,0.5226043669387447,5.791192312630795,92.30118857928471,42.01330108992568,25.76098245808938,158.2492728748908,5.1967269098370785,Mirai-greeth_flood
38.22861664912648,73,6,85.43555646871044,568.7966797720936,420.5331502028796,115.51537582507217,37,7,0,0,4,2936.090003671378,77.26637949461218,1129.0366087471382,691.0062810381977,16.106757231332814,24927.17249846641,0.4021401962672772,15.703225001454626,18.110226964073007,14.843314539684188,316.0526532448756,72.72124159249582,8.74586698648855,BenignTraffic
13.295225750868443,57,1,52.749707211565024,199.86463103594198,490.9903531640107,322.72067963340095,20,9,1,1,3,5228.963935455855,58.10800335166931,1313.0314885486582,522.9170231818964,20.563378557498844,17548.238083548636,0.30118826987400626,41.982802149921355,79.34333078071269,15.933580630455676,214.24896145916887,71.23651994655262,5.69640902454957,BenignTraffic
27.42942598877881,69,6,82.60948450340967,219.63779715882356,312.5655261404971,287.4715638210628,47,3,2,1,4,7505.3591593240835,93.9845847045323,829.2350498265155,610.4271035296626,271.7372133044564,27914.15617407369,0.8034601372265011,48.85581460153052,65.51351959380176,33.90390301059582,284.50260734306306,115.9825094297379,2.741282644729313,BenignTraffic
51.31022385628813,54,6,29.907605655900266,489.75557114867604,281.7964793805166,286.2057936072443,28,4,4,1,1,8381.655818532945,77.70441745845937,1036.972114181121,207.06325311639068,31.258687252978753,37669.680838002365,0.2727305711572587,27.087208198564827,63.87734609468752,17.423873982016804,220.36745756414177,173.6444032234051,9.028271038688029,BenignTraffic
98.17997043410692,66,17,84.01072175077994,756.7110089004244,315.9778646793243,333.1886363401791,4,3,4,0,3,7072.919627976086,66.31894110615907,1241.0214433466074,452.81259169257766,269.31282599880564,39412.5008341872,0.7232204809650575,36.291190413930956,36.328638563341286,14.785143530346513,483.3675050549475,52.542178363561305,1.2795549078073014,BenignTraffic
103.30159693243557,90,1,77.30499572367877,623.3027738935118,268.6745639469697,276.44910791684873,48,2,3,1,0,9293.10912715332,42.32541613325095,464.945220836831,602.9144176784786,76.16811498776268,16905.831106750287,0.20699088217594705,17.114834001511507,71.55040192999093,16.437997143754586,306.0133615639151,188.83905724805652,9.05856640879099,BenignTraffic
0.9335604506897653,73,1,23.08236293484025,304.3814977544705,319.3691074253108,440.2312818489604,9,4,0,0,3,7413.560745197709,69.97290011228027,515.6539439752602,520.4856027576968,224.6051620458817,36336.80414247998,0.25060394228225125,49.42426913987481,81.53179793386988,27.079137470332707,377.1258019952089,123.83255011582057,1.4546820400510123,BenignTraffic
61.338601579050135,91,1,13.220379128296868,436.03380573383197,227.67189294641682,339.4121455153786,27,8,3,0,1,3132.0520813456856,85.88657452750536,100.87852327983865,403.77407516840714,99.8226421943435,33231.65022177312,0.337124701414635,79.59048599391826,20.157234844932745,48.474494272916694,468.8100042608308,198.50402955693247,6.992644281401153,BenignTraffic
50.147579277538604,96,1,86.81862682097605,178.95811096449842,113.12937552723702,275.74680942883714,20,7,1,0,3,2724.3047149518684,55.933455880744816,1448.3317832569235,769.8378398282861,259.0380874266633,47996.5023078184,0.5895672210163945,66.47467897246926,58.016928788288546,42.45070737025527,299.88366822920244,27.0266075591113,1.645114417078012,BenignTraffic
26.73072647544056,77,17,96.32734167866917,83.88351619371089,64.52237712327944,415.73274454238424,49,7,4,0,4,6992.30525798079,88.40641417892604,1384.5628524348826,557.118000090084,213.13191097306378,46623.42423489273,0.4549678968403816,11.671432489188586,19.11386628886687,17.807461905207973,15.910633732976368,34.04680593628422,7.35591687368559,BenignTraffic
14.471857543308568,72,17,3.227101143376873,784.8690803367077,38.8287630884689,305.04254964207246,6,7,0,0,4,2009.4186300271813,55.10840596305289,1170.3955692632026,730.8131001809284,126.52590299449159,39679.58695457527,0.7453996650179926,49.27057873627489,88.53166173678801,21.351794382414397,26.802922372165757,167.0619427055617,1.305741891996558,BenignTraffic
40.580059051294995,63,6,73.15387969067119,272.73353509631266,135.34131295783405,149.1164026536636,2,7,1,1,1,1017.8766270216719,89.42478327704802,210.70642936730735,597.3278836802609,32.12771171048307,36446.339753891494,0.21435373303585611,70.06699189519277,55.687305039071255,25.903051272683484,354.14583270991227,174.30362016473137,8.582119549397088,BenignTraffic
113.15487349911105,54,6,90.96149864368705,185.98872397273573,27.83116434618825,107.51198449740275,44,6,1,0,2,5369.006461076319,45.116100496700646,726.5040455793114,601.5976464482624,222.48305332253403,14428.037895509517,0.011661615560985283,53.45963435884018,82.71691203346816,49.051834115764564,146.75171671412892,94.63715079047745,5.193495558369863,BenignTraffic
38.852031549288554,99,6,85.75027320004061,694.7018750136261,285.74953606009586,80.40225390302601,46,7,0,0,4,8234.251540811658,91.97102253214177,242.64845556017394,110.0137023182595,188.89657922990264,42452.29754882814,0.7767809143134349,39.77588405701935,43.12770738995928,12.757571075107206,293.8960664004949,145.67352346704365,1.8410852140199014,BenignTraffic
62.3029955470296,69,6,96.45559517979383,621.8711575443141,145.49508127664254,450.2303302103203,19,7,1,0,0,1103.660440451649,69.95118705599982,122.28837416791805,319.5984663904577,10.844398171798735,21947.77948195494,0.8218276845461924,62.569527707103944,21.257040413469287,21.08673965713473,109.11581873442778,174.83588461465231,7.361375005091295,BenignTraffic
84.39197317153182,94,17,76.0333984359659,636.8577297533294,413.1447300030809,356.5170387400426,18,7,0,1,1,7939.7241055777195,57.792255377215724,962.6561512976363,693.7770550397438,12.731758232009144,14339.786582796189,0.06042068294528116,96.89522786472727,13.734937394714033,37.82417422922217,142.42194878023992,18.194279761577448,5.403611417533862,BenignTraffic
43.69918932527735,81,1,44.28564636185294,12266.047643776627,41.74923212925129,469.0023268913388,34,129,0,1,3,8134.562843080326,55.90679502490893,1445.1611839122638,224.45289661156696,244.54996222588125,19823.87713971966,0.6112966146362381,10.395883066841721,35.335865869513796,48.37746804210245,257.2741174145569,119.05058036871914,2.718539729878986,Mirai-greeth_flood
116.61667171824318,90,17,31.264003850463535,14669.513923338476,117.04398969903554,303.6294438288968,3,378,2,1,3,4874.512600807281,65.92063353582176,1364.01523280501,136.62939961734963,85.22592425253762,41960.839010808886,0.37882857708920487,39.611590014008506,31.98103303276707,12.005384574390696,488.0290370444802,172.16132664003302,1.1410513649985319,Mirai-greeth_flood
115.49743066355914,56,6,32.142199769768936,228.59460348778273,366.4718428096222,239.33343633998172,4,0,3,1,0,667.3720691038194,99.94296988621869,1075.4567409095662,294.57954247909504,194.47876364113904,8283.027563316366,0.7941017595393223,41.25397945156347,60.43167766179656,15.232097938745559,311.9725397125039,85.64943947110724,4.761984337529834,BenignTraffic
30.288697269461164,44,17,72.46982499415029,182.01506970567155,301.41010670982826,34.55966204059021,0,3,1,0,4,1828.4395273471453,53.219643606254955,235.29681783082,215.32841366946047,141.72218173192175,23351.778314871302,0.874540139642282,58.11976373636873,11.956495425733662,15.15626034756936,468.7125712113814,67.45288516136111,1.77066307655682,BenignTraffic
59.72009585649702,68,1,74.60911750189334,659.1664358360398,36.92317926833793,337.46292936528477,3,3,1,0,1,7103.52012410313,46.192998932739975,483.8296527412202,743.9661460948664,260.3947042113125,25125.522131944996,0.8511527630304518,16.06528558630987,56.8513489869256,5.941941327143308,480.0961286496043,161.18427016801914,1.847527284225135,BenignTraffic
36.175309347030684,43,1,20.115878440516397,7156.090630821904,439.2335312952892,293.19333608527444,11,300,2,1,0,7146.6016554104,75.10211012311972,548.0794176394073,700.9749815015983,275.9187227997217,2794.8551823421503,0.7774270431035013,18.487659957176483,45.25945678108028,32.18520312414273,111.97389824604863,73.79945086553887,3.4059659352640916,Mirai-greeth_flood
34.25237527585837,49,17,86.82546906770405,727.0742949798946,439.2445725989589,495.1534023258726,26,9,2,1,4,8993.717224159887,69.31254798641542,1168.4100808437856,424.76242271217814,299.07423667686766,10591.5554478601,0.26978317651342076,29.25077721378761,61.941004292299795,35.18163833656522,162.48486520978278,10.60311665505561,6.674124675181819,BenignTraffic
4.522744987808482,95,17,71.52091161620454,794.1726974229377,168.55196191850806,123.3835950022103,41,5,2,1,1,5868.59285089037,71.45177626379844,1223.1488509291596,96.00790586290103,54.56839938410158,41510.37900021696,0.8120777539247485,95.63113428358344,73.21757753353282,32.1136650556364,387.296217797165,192.3187916495225,5.769195477048543,BenignTraffic
73.18676364418963,56,17,56.31875360570393,410.7504447943478,173.5008924580345,267.7149908669837,22,3,4,1,3,1328.6629403663962,80.01612505343303,639.1485721858886,585.9217595698672,260.2595734778879,41707.60204114327,0.5339449974303864,73.67674954185937,67.0682750571855,8.209534523576645,434.7143611227585,122.50341490669351,1.6208857743281255,BenignTraffic
60.371214885140496,49,6,47.20609276424102,657.5350374182781,494.5690373833361,327.22388088344593,24,1,4,0,1,1302.0075644992241,56.02864419223896,685.0375952646535,517.5587985021984,87.14619925135251,15328.33911032815,0.05370385821725873,66.50763686745881,98.61799324360297,8.115355658553426,264.4211046528686,165.70840455491353,9.715881483032229,BenignTraffic
6.272302274873724,56,17,54.368957298416824,360.6938780403268,314.9572049386034,324.07263149746007,20,5,4,1,2,7239.210337832555,94.63989972303331,162.31265498663987,777.9160030463719,181.33660371969722,43869.96449529839,0.45748191104835073,81.87881105203196,22.443880948918395,14.467394952235582,496.6807729674691,166.80729684511576,8.984518194651319,BenignTraffic
33.50971106196972,99,17,16.008649254098522,530.2495757489536,268.0016776811893,282.84030375945935,23,7,0,1,1,1919.4681845682214,66.14032396733742,504.7914057862654,469.21493020278274,156.67412182207116,38817.36401434904,0.9422157591129633,13.6300704227526,48.67633080368007,18.063253206451158,15.670377390082432,22.617979870819234,3.3330293843064243,BenignTraffic
109.00107972740177,59,17,20.449754802699793,486.8184980695137,419.8853308582026,389.5793651119766,24,7,1,1,2,3351.016446204393,47.74517170854771,731.799248048696,302.29529255218205,15.21655815599242,21477.46670597506,0.8879714903858171,86.07394915265141,48.234766297898005,40.39446451595213,156.80040123675568,42.46343788342831,2.1010471836592712,BenignTraffic
28.823470690969994,63,1,9.207332591578549,185.11827369241584,146.21871748687164,106.46569871577412,44,6,3,1,1,4923.398868526948,84.53792540403666,263.77626493936066,439.26627018391684,280.5036711727675,37671.91087584686,0.10316201671611892,59.8884386748629,47.53478833326286,12.17256195870145,315.34925933484413,69.112929344333,9.481625782812912,BenignTraffic
17.47289516373765,44,1,15.450438012295157,393.2079727322745,217.44538373119667,364.18546413583584,45,5,0,1,2,345.1722880038969,78.58626115707102,734.5744450570298,784.4474685533872,32.71484599327335,48105.3969285455,0.7443825590286559,34.19757173843461,69.74185528384015,6.984149737888946,239.9520563593666,70.93286415785134,5.150276000926299,BenignTraffic
58.78538595727981,73,6,45.42399409706774,6118.003712339371,137.54945436672543,311.7686128593792,31,336,1,1,3,2563.3083674973254,58.94460414904223,1294.4461371609204,572.2718243997729,209.58348662824338,23489.51618520209,0.8059870730922765,81.76967031882334,54.08452544920502,22.729437847087482,67.13545355011237,135.16936235937345,3.800502682942922,Mirai-greeth_flood
118.27948944786102,45,6,53.08240393345279,256.0944551377927,395.63461906142203,448.5571803383138,31,6,1,1,4,4138.107124222073,77.2911234420429,913.8494276150747,553.9821034452884,237.651982500396,12682.931768720699,0.27211680004852806,80.45388890051379,56.56893038316668,23.737647656386414,190.21567188547616,128.39525494301012,5.413222316486687,BenignTraffic
29.122427054228904,92,1,1.8844030585841056,142.46569891669384,288.8079260894329,424.36124732162295,4,4,2,0,2,2868.399553082742,53.19171738213861,210.50179705377724,230.51119229441403,240.63347622382844,47149.00850245763,0.4721369621703512,84.72514958995599,48.91203929320882,25.29083021850294,22.46910021456914,103.97205782186461,7.95469730091771,BenignTraffic
80.68905213396484,41,1,79.70010300361635,424.39481540769594,331.1184097193349,160.99778437061386,35,5,2,0,2,1450.0662419289017,66.69036156043177,368.33984636238404,607.7018881704632,49.29341048936499,30583.470139599565,0.7112769535222192,12.436272110591233,99.25295149167063,42.21065948121358,324.9455625768869,50.140109138665906,2.5154676847274904,BenignTraffic
91.41819187791323,52,1,29.487380537013443,792.4343585015466,129.89208867050624,141.73747586270076,45,9,0,0,3,7307.3213521823545,93.96475133003952,764.3620902219787,612.7038721038288,139.7952856473119,6157.992961540838,0.4396024473323268,96.96676325458182,93.4805213937138,9.410243669192377,447.4438460682141,82.57685924115765,7.9074625015837645,BenignTraffic
28.592741524688723,82,17,91.19241989249511,14352.701625819336,114.01152418177098,490.9183953069617,41,227,2,0,2,8150.161786163051,48.01205398964497,606.0820097505368,287.966737831929,250.53437242585414,29061.457976977785,0.11368412194771037,96.00298922518338,37.69517704279339,36.67739370898829,443.58832065389487,113.2828540083822,7.745021091404789,Mirai-greeth_flood
87.41314019856196,82,17,96.7543752350164,14408.635478946973,246.74544134655466,265.99626455305196,48,354,1,0,0,2649.0418638228757,63.201786999247716,602.2178273645383,412.7853742930349,97.77697100983886,25528.463582966637,0.7061765622370398,36.38949490467241,20.043453229000047,20.207550697038087,352.7767921451178,98.91721955974897,5.854133843567918,Mirai-greeth_flood
44.19719761303846,87,1,18.627341580197772,197.79789969293043,370.09504580094926,453.67837713764624,41,2,2,0,3,7766.752996602403,89.26854548322083,840.9744274010262,270.952499705342,145.64711585865243,42923.8558097026,0.9117270510455682,7.5235078029800455,85.57882516347426,18.949106139596147,238.2273957939845,34.185581288064895,8.792580598746234,BenignTraffic
75.91346908817017,50,17,46.2635193474895,622.7587110776443,264.9936799724793,86.12110677133869,38,6,4,1,0,3916.980287573007,98.16945396437069,918.1542902252404,244.028802743215,89.11022888295527,27004.064298412548,0.6528322436777514,17.538511277409782,99.74532262831521,46.96444067386909,260.89549315882994,133.40699376536554,2.189290403528745,BenignTraffic
76.06021232023127,90,17,0.2230603331259462,330.265390962359,21.15961038510596,323.1953628260863,15,0,2,1,3,5116.189329454627,67.23556818530776,1215.6061983866675,69.42205268711386,144.42991118674402,13506.389282869888,0.7740269478204649,99.29025171902501,36.3348004635681,16.181083598753393,77.09022375787482,23.879837594025503,6.359311059991058,BenignTraffic
64.33938462056354,86,6,59.872893785730454,835.9603322952198,434.9329956285429,405.88079274349013,32,0,1,0,2,8574.410641442213,70.41997720860084,577.3531888474786,263.90880848999905,267.47299755193524,34106.55912937954,0.35900417312217064,56.738281373994646,42.20064332575896,33.913932590271486,177.09837562840949,81.85698978540526,5.044087472516394,BenignTraffic
10.925743429523555,96,1,60.76991418144086,14645.095559916548,37.02001228999013,473.9606485452912,48,133,0,1,0,7524.541449843838,74.33031770702618,1227.6527962568214,465.4774624087061,141.98602699950314,27586.19717424343,0.18401504688150822,36.305558083779154,94.74698633366826,17.380749081924144,101.98675699415408,144.90557605829352,4.800629015522485,Mirai-greeth_flood
100.25276922114963,62,1,24.82924156477718,206.86771499754295,478.13311944177235,171.98336980342663,20,9,3,0,2,8070.656828030159,95.94088849802264,574.0557207576855,51.200890661771616,171.21448495155292,12419.18678507675,0.6431308879566743,29.532066691153844,74.00165662027808,27.82147471881733,412.38809964147777,13.804471558744236,3.273049641425729,BenignTraffic
38.56152979011113,94,17,55.88542599106148,73.97051304564528,17.445269347249997,363.865679112406,8,8,2,1,3,1454.7671492049324,91.49240745862178,177.60618451772734,262.4143128572506,127.15312215789423,29107.765039202484,0.3284434346353777,26.442181795783807,36.60744986016725,40.3831801668325,458.2294116556003,118.29673561861006,4.350516911289173,BenignTraffic
22.463569396942525,55,1,22.63146023012917,52.20687719416241,348.7529757847008,271.7124394746114,5,6,1,1,2,790.2223157539219,50.23606747729866,875.8627114067076,711.0577492424376,143.4339831289644,41255.24331659462,0.860213445470803,66.75112374039372,62.294184215552356,44.67751355823172,273.09239809585733,73.55898508722649,1.9733568042129916,BenignTraffic
4.9889394724161935,70,6,16.16646436091119,377.6944819736393,45.69249653733192,35.01131840290175,44,9,3,1,0,8944.706817971071,66.2054690708245,923.0632548527403,495.2364388305206,14.400517723462293,2399.974968476511,0.12350542192802857,42.51939532044891,94.98066214278305,42.741375813277266,366.60437985134257,11.678050250319549,3.264390727883427,BenignTraffic
70.9480638882702,50,6,65.18679473354624,9340.65261197629,455.7849068203941,346.54986996792695,34,279,3,1,0,3939.559268753834,67.84002569178557,1408.3563438706042,505.89711806073535,92.28619788853224,31911.700893610476,0.4340302360333906,96.57565923749254,83.06317962512007,31.198133126508793,69.51773774449246,46.17282150158465,3.4476859700027433,Mirai-greeth_flood
81.33996698488966,93,6,32.659953848812286,649.629222227883,234.8944519316437,346.5977963277325,38,7,4,1,2,2950.0088128898406,87.3457666989254,1116.4858564874642,352.5232287697649,136.60869930512908,18129.67459343521,0.39733087286791746,68.70046003389078,76.76494423557936,16.196734190219995,308.1819752058468,188.77977672142435,7.486010807141255,BenignTraffic
2.0888806884499527,55,1,59.06736749467369,504.3404966288321,73.07426853442261,465.6503683990358,21,1,3,1,1,7274.492917192062,76.17357295632613,1384.8817134922153,557.3541076193083,193.8011230378914,15340.900842211784,0.9381157997003757,79.41241451384715,76.32966805543202,34.75550224678396,354.3676004751445,109.01829204596717,1.4369538448797683,BenignTraffic
61.4999576900838,47,1,43.3813502222684,273.3590852253269,173.70377139597406,251.16966085364135,40,8,1,0,3,8380.51440614058,79.25322772174079,1371.6860943402135,192.44957467276936,140.51505986062872,20236.79976769445,0.15398166580379946,29.981413309732833,26.02182918630433,36.94572706008236,231.8563834605864,199.47316887953502,6.860730773357746,BenignTraffic
27.256843446232764,43,1,98.43670559955011,157.74540017067437,86.58821429664721,118.97420575170476,4,5,1,0,3,8638.64725679318,99.89199445993705,946.403754361539,664.0601077881437,107.96694256325357,17759.1105481511,0.010836978186998941,8.83945450175396,84.22131153051428,5.481139555107564,129.20381139064233,109.71518256930082,2.9926891881387085,BenignTraffic
77.45621757009303,79,1,15.04310620248982,12783.956143532116,89.43804622075956,27.05909260709618,41,117,2,1,2,3228.3716971397507,44.497602608200786,838.8668914710265,137.51683995192485,122.54863324980558,41779.71622871364,0.23884712759431048,49.29446090080622,34.85067691991124,24.764472991934355,439.9135150652818,113.34791833515096,1.7367535532466454,Mirai-greeth_flood
21.006534837698478,43,1,46.51339980391744,866.0137882190135,474.31361848486387,210.7428824095233,22,1,2,0,1,8536.902672896573,53.38058941202398,880.4173540290399,542.001015989832,80.26506546813529,14465.092727627127,0.8204565829088858,32.143573108076495,93.73299921113765,42.946791926979394,374.025272777324,84.45017245724196,3.707255449768907,BenignTraffic
82.94343479848567,95,6,68.07761697329659,13052.480869634384,225.39682558097013,154.4487665383634,16,432,2,1,0,505.24604930601936,64.47375624229281,1469.6631307481468,305.86199436476227,278.10334200447534,36924.49813222268,0.21011249423097003,21.006233335784444,42.81759919124047,27.031441830937133,450.9300681061055,68.90767955896871,3.020255824857425,Mirai-greeth_flood
46.46956802143444,64,17,39.614953879608876,655.1935414318586,395.457120633153,381.7387114818184,11,7,3,0,4,591.6487654512168,60.86694418293323,1182.4347684457425,610.6347279368576,161.30553547936523,5608.931191200847,0.24163718564177722,95.31157094928527,87.18943573380308,19.01189489734945,411.0172972739335,57.79365509525951,5.96829138255865,BenignTraffic
112.41392564953446,42,6,97.47251520188192,812.5790687064036,321.6047527829525,180.36254359631806,22,0,3,1,4,6272.840032224129,41.29873368081901,248.77226670935417,462.323413449515,13.888741622915703,47618.42225173636,0.13076890573227398,44.954833219861,33.961014506602126,44.23089969610982,495.28347049364265,75.24991706482804,4.216387631031662,BenignTraffic
16.588761203104593,71,1,72.21657402990081,5056.521048411847,339.8310493575042,474.79024217584777,15,113,4,0,2,724.7530542439077,45.50665638827055,1189.79976949396,389.26477885903716,15.639414941668518,31493.51522517904,0.7157207670732639,18.296150612829777,56.30742429240164,12.014631388841257,104.16463927507998,97.3717053710821,9.693943681674936,Mirai-greeth_flood
40.993855490926,42,6,65.73268737069286,10172.867677679267,70.18825204365906,481.3435504789532,2,378,2,1,1,3313.630768250599,80.85719748421457,338.75326845751624,177.06680156993525,292.15887413609204,35629.210275183446,0.07010501631491176,20.666414615432775,19.619676594015452,14.290035458729017,52.5064062239473,46.478470543850115,9.671946394517656,Mirai-greeth_flood
13.70547519674663,66,1,75.7302208343612,13012.099002436289,120.92130117366541,312.34975215776547,29,205,0,0,1,6760.284263844547,92.75946780175363,726.2907686078759,527.6160982132646,74.22075849824105,15603.927272628098,0.3318770940261931,28.79026450399481,69.41070126965566,35.931756512126,175.1313677552567,52.726267443082214,4.993437422082156,Mirai-greeth_flood
110.97076483159968,68,1,95.26959894006784,956.6599687424588,394.4414159014463,464.686842072367,21,0,4,1,3,3438.9422709368405,70.85362067595865,394.643541047148,781.0773825653098,243.62640375615126,21192.731866697617,0.2832162278943436,99.93231055078157,85.24713476501545,20.859617368695872,73.21204576139687,61.59350604700344,8.155787145942337,BenignTraffic
105.29298847037963,71,6,90.79108343316555,141.81355413631596,485.52927220501755,381.62290053467535,8,8,0,0,0,1878.0378362569495,72.35146477081798,1065.4162917465217,669.2025686802613,26.899837452566597,11965.140927277836,0.5556045700603647,27.533138551440135,74.66025531721745,37.08575760802005,266.33375532404995,95.35937946685944,1.1194168677478753,BenignTraffic
31.02720116304716,89,1,72.45610228182855,111.12803436096272,135.0244430863326,275.6955222826875,28,7,3,1,1,2885.3711563530323,55.30560596994276,1328.23363067025,95.00614444175885,277.13719364141923,46694.26820430897,0.7306858487547159,33.55137865326691,57.09326616447916,12.096662956677136,320.1841636497938,134.03453969470618,5.930304262523224,BenignTraffic
79.23208711949806,97,17,74.94124774621818,662.1052247453691,139.42653855176474,94.25242803427517,46,3,4,1,4,4629.9957892792745,86.07258181802268,506.5066395133533,332.17203377089334,263.5809310633367,24917.117907967506,0.5333435582620506,66.27348467041614,14.060429074131354,16.352109032038065,293.3614214349678,172.66776855439457,7.689692550762811,BenignTraffic
98.08494180412578,90,1,14.67761519611103,11349.142353120642,239.08408074139788,232.00598203935078,36,308,4,1,0,4806.319968019276,85.10767524203538,214.8150376914627,744.1872568927039,175.61701710600926,31891.95766724151,0.9310949669820925,30.10217626461953,94.00969064537726,12.049132026363509,137.02766634123236,64.55504906555723,2.9524890286660233,Mirai-greeth_flood
66.66857731077553,58,17,10.368961208817302,8950.763253881927,492.00095486344173,282.6328593644957,22,319,1,0,0,7851.7022903373,75.30194135305939,517.8903373049486,427.28281066776606,12.609610612144174,36979.329496005055,0.9514911962484446,22.364620854909642,73.49405937207712,47.88096411035794,455.3237751747104,44.9083846648731,1.5505457964934939,Mirai-greeth_flood
63.605104344885184,60,17,57.133359734232016,85.65269084367091,138.13467818410317,432.66098246383,12,1,3,0,2,7526.516971371974,52.75985719068057,1041.306601105072,546.5838693561343,84.7651534667679,19184.19846387741,0.3621038631700169,16.70508147831027,77.12778145287997,23.243178238291584,20.374458230335442,81.98101832160545,2.4032704231581032,BenignTraffic
29.09808967896416,44,1,1.9349269303599461,286.57403679536924,206.45109526896061,243.26002138515412,31,8,3,0,1,4622.4962651057385,45.82109309422537,560.2641785762299,734.4495091935428,127.97856774555484,36284.98107241792,0.7779026958986178,31.955583837751426,81.52125179597265,20.17489594596017,180.52654334411156,179.9327845106526,4.976632784564713,BenignTraffic
11.263021859927315,57,6,48.287402517004,931.0156959894455,446.28260773363587,449.34896297558856,45,5,4,1,2,8472.106756077837,43.85431455142756,489.3570345753248,705.3460178149105,143.4185938567929,34123.63199806067,0.7390625818849215,11.485653273248579,77.29690833348496,5.639097027684412,362.3063129450499,11.873538384056499,5.557342786806357,BenignTraffic
107.67616937860387,67,17,21.113923033894977,260.52784847277667,6.4459111475741935,338.80274461661713,46,2,3,0,1,1230.947672054819,75.56176399857267,358.2092668179709,426.3652816553832,96.3268399830879,35577.30735982338,0.8930716271131225,2.8460120550635066,49.70045476885003,11.903791073489934,385.7951739110881,138.79503705097162,4.427966098978916,BenignTraffic
108.06012505388333,81,6,34.66705510771948,783.3587195490501,24.684152669341927,72.81453621156733,47,6,4,1,3,2627.9981672661247,89.502119148568,796.5229976242069,378.23472699320155,19.55488179120369,24972.26511002603,0.44849569656749555,80.65952803613305,76.02596463591522,23.951113530912476,213.89808677161136,100.66040881820048,4.95976390338142,BenignTraffic
76.00886472706482,61,17,77.6028931057163,826.8808739694167,304.0154801502535,497.515777815921,22,8,1,0,2,8296.96698867229,91.49982590685549,486.3283594200626,304.7694638596903,181.1369477186972,19763.93173228924,0.5309427140105945,14.65159929904308,66.2524109029296,8.082625665735232,18.285808495619875,40.59878084252921,5.232114636483532,BenignTraffic
40.74967194673921,60,1,94.1296266728154,9230.36179082185,454.15318153285926,265.98016707318675,44,340,4,0,2,3842.1409823989156,67.81732446060698,1123.4144887952764,589.2645823721683,162.00485363147922,11882.027222240502,0.41635853926799243,77.82170813170899,86.86147003019079,27.98326982777976,312.8414027706313,70.99408999214867,7.924929954409866,Mirai-greeth_flood
41.97022799605804,45,1,7.334385587419516,392.4854207498323,123.23404689895419,198.96985672249406,16,1,3,0,4,9813.697432059038,87.05627795840302,207.2713627890838,265.2400996036574,92.07018427443253,41406.69128724375,0.8505265423804059,79.95670541967931,82.22138338036333,25.475694730900152,40.916393779775696,52.74050833663644,1.9471770826988715,BenignTraffic
87.1420858965417,40,17,53.470796377046874,11567.227064567305,237.47267846695095,331.26131341241563,39,135,3,0,2,4715.907487125571,96.81281178046142,1029.6462463558446,237.4157048231751,21.013030595185892,30809.152280052254,0.23047261304677225,54.25403310659507,13.72369442205339,39.52256631549584,62.849330315222105,176.78811189912324,7.920554204434564,Mirai-greeth_flood
107.663520168314,44,1,88.26509523337803,234.6950474217105,227.98032432062004,58.90219042061434,20,6,4,1,1,7940.162667341265,56.51020674928408,432.5840203948778,317.18742095283505,298.43231429436264,22773.257608777254,0.24046936916420225,31.65851387298219,44.099838129934476,34.69112156301425,328.62285262663306,101.55594294954814,7.197645720654983,BenignTraffic
106.46166226938756,80,17,8.342602590598085,890.4970069675558,239.12081631727753,320.0866301429104,1,3,4,0,4,4082.8397096854824,63.877620782845426,784.9909654722444,182.91129265909402,149.77599417965772,47255.799428819955,0.3732324984735027,15.358240641238957,13.12445369655051,25.06762873942582,163.11927980999886,116.98791279577362,7.674947285286863,BenignTraffic
93.6070779483291,51,1,82.4689532849937,456.11346016246034,313.14724938622385,251.62682024714013,36,8,4,0,2,4307.039838718061,95.88873955580084,500.52589084376484,571.3398619593255,229.24123011448236,3344.101812844902,0.23111248927024883,73.9437055653789,19.186743228948814,15.109731504728215,180.53477482704392,122.80064767403393,7.610215472877905,BenignTraffic
77.0795943738991,65,6,35.84435495773431,883.6348460515388,237.52316268038845,206.30366464929864,5,7,2,1,2,3890.5431581134167,60.29385803903709,1111.876146415114,512.1804869979592,141.17107016488728,42658.42531504733,0.5614458295785059,60.53731161219681,64.12696498032503,37.708860470801284,248.53546772178927,131.52725367444765,5.235326342216053,BenignTraffic
10.188381802906354,85,1,32.2772607517116,114.63654510721135,226.49672995461663,476.7449104835551,43,0,3,1,3,7218.8486430570365,94.83257741930777,1423.4298563522914,412.1589005868827,22.51938435025302,49881.547054352646,0.1353556163890068,65.88989219286285,88.6439639046028,36.85379465543919,489.5034134810932,104.15558117142669,2.9026016610481005,BenignTraffic
19.479282819944192,73,6,97.74889199284709,988.39251829013,239.77276811347394,263.65715978236636,17,0,3,0,2,5520.427052193945,98.86269173526794,1383.9074912577385,342.74433444616596,99.78421607479501,44460.1634332605,0.3208660331846513,1.8582398946679728,20.78422828383405,11.898327223192434,483.0666881619681,13.395970858900005,5.8296601387162355,BenignTraffic
107.8366472043968,88,1,20.16582307724319,448.84035656918206,297.4793834291655,113.46315233761952,29,4,2,0,0,9443.403302546854,79.70864371446548,916.7967012017275,731.7969071725486,102.83194089171134,40711.39269516564,0.9135312537771144,92.82418455507462,50.59803587201484,46.16383241414312,213.9678896864368,73.59731051378387,9.621838482481897,BenignTraffic
72.81084425318483,53,6,69.35007468818583,57.35251219016441,270.8187067339224,232.18692229176284,21,5,4,1,4,2583.814133687637,89.0134173702501,747.6544245597697,71.84283874182896,253.12234217421462,19340.993676909908,0.40981625471160416,7.562728557208474,91.97910143257994,7.898230220676943,140.09461643695826,44.93591573698833,6.296731132540273,BenignTraffic
1.2027264888338949,65,1,82.16192872818566,14558.61680374738,427.79731883699964,460.09676526347295,32,462,1,1,0,1095.571047626099,84.97273385326511,1245.6207132151346,626.8308076304744,199.72669361996356,12334.39493085238,0.7484854827770158,37.31378262886056,83.2870885304429,7.476696900172229,158.27015480541672,139.2271401532186,1.0994243069149985,Mirai-greeth_flood
12.26643798963725,84,6,4.21423117839924,748.7451849070202,29.500942479364973,92.16725830864436,29,8,4,1,4,3993.2887024822307,81.97205545693143,1056.6569076788219,726.4321788116665,89.87467205544712,37007.67550448045,0.11434872951486744,40.86845331551832,56.770110681933694,13.430768794809214,141.70283609918602,20.773883760308863,1.5373981438875157,BenignTraffic
79.65386211605589,66,17,67.07150728960578,662.445178861644,417.4919503791412,110.90873415067726,16,9,4,0,3,6205.455805703083,58.415864378873955,356.989759903706,384.76593457244445,290.64458685113493,15924.192948139851,0.24831694363364287,1.1341969252969357,79.4414295395948,45.9257359121947,270.8004454994726,117.12264431121241,9.93577090243197,BenignTraffic
0.7068839031616205,48,17,95.15984243809716,804.1092525463116,422.74268324280337,11.449636039756456,42,5,2,0,2,8621.9094754634,43.42566027447662,1249.2868990582003,463.01786860298506,103.2471313953827,9625.944425593563,0.8075382755791682,50.211841625728916,57.04243966400833,28.39991558166148,307.361305822455,50.02002723211718,1.6475172331549635,BenignTraffic
19.38088536495809,65,6,12.509574676133129,114.3138586132779,146.0294706578256,12.024074450904754,31,3,3,0,2,3527.349178135244,60.58310395117904,700.4381451525943,758.3477659115284,299.4878674903289,39539.76846807597,0.7632299433534044,75.52809045658998,24.22831035545639,40.45734143028051,249.50190023253637,190.28070930874162,1.414406440404087,BenignTraffic
65.89318134505368,96,1,89.63250813823532,45.21515836519286,234.11171773284607,415.54885534446373,41,6,4,1,2,6572.48883613217,80.01615911223439,364.57992395964516,209.2081364641358,298.88747101937633,16314.638959599388,0.38676976267522734,82.50359665836244,21.22625018995112,15.252943463442527,209.91723750159466,73.75277901544175,4.177218424227899,BenignTraffic
83.05823420335392,86,6,59.51818607395592,7166.866437053926,222.07655182603057,367.4006903872631,13,304,3,1,4,3566.9669421298686,46.151751893668084,494.5162905550894,440.10113583851364,65.45105014655513,45807.64474487958,0.9544425051314408,88.06030233728255,26.95314088603628,27.05998885941834,113.5296684092695,71.7920263611805,9.723854829424031,Mirai-greeth_flood
78.2701550143618,96,1,61.69879772806116,393.71927916794186,113.1623680052945,180.74532294371934,9,8,0,1,2,6210.473871645136,40.71507897869453,474.53784234767926,406.0408453461597,100.69492369463605,42190.99959613714,0.9107323728187109,49.28416796322158,41.58298854691115,21.1230258630747,246.42773977723553,185.4430869182375,3.8680763835957914,BenignTraffic
26.98989020432112,61,17,61.333123069074034,467.3274673042462,201.41443930772664,350.6640228276485,46,5,3,0,0,8859.598675603444,48.38154235617632,826.8897644448441,243.79448590277755,150.9528175605497,42534.3761459535,0.9623384483631277,63.432982862435395,93.74763409066168,42.25228731797867,177.14032976320445,89.29610485778686,4.688957177877436,BenignTraffic
85.49028863956954,86,1,29.953705045097657,991.6725247815713,26.971947224572943,200.62693352343524,35,5,1,1,2,2390.4406583681493,82.94415558464772,428.11812694902574,663.9449227798309,202.58919463288836,38806.916576735486,0.4284867754975976,8.872451616353377,81.97105722882412,6.017199771165198,275.381776771188,192.94384349529102,6.70669355087709,BenignTraffic
28.54616559086633,95,17,93.52666134841603,971.0424580939634,142.52192602695854,476.6839140189246,33,7,1,0,3,4101.992256859688,98.36762209938664,272.9930823622066,724.7004460724269,163.1337602111018,44163.189764962095,0.19827611010199733,49.315784203893244,48.95214051036858,15.97292284847474,340.8428136006957,14.592366905365663,1.2170065539375803,BenignTraffic
39.1154238092962,69,1,94.74031121684077,942.8922357764609,409.25767684810546,483.69107730588723,8,4,4,1,0,9933.32544465449,98.98388197688922,273.167190859265,636.4494348411566,291.1380260483545,40481.59771672788,0.6270319804522496,16.32675973230179,54.37690388088166,11.865840093607044,320.3229654739392,68.2054692884078,9.079872197672692,BenignTraffic
89.60431947365109,82,1,62.56793555537339,13179.146260466649,145.85833937263428,199.43291902562498,41,264,3,0,2,8698.714579669662,69.63874894841128,916.5866759947353,196.51922063645628,219.95685762835052,30523.056815161704,0.6850883851209193,37.59466864462962,33.904851189977336,43.663506742470624,236.62020309874075,136.57666245062194,5.674987157989889,Mirai-greeth_flood
77.99098459576103,87,1,78.36393032156731,361.2929466543215,410.01230103038256,427.8398436387297,27,2,4,0,2,5689.934593172399,92.16113805954085,1128.66300438913,115.06147662603617,71.49300632106258,15495.313210511295,0.1263163426660695,33.601225973595334,73.39176608249171,26.039473236219457,282.4656878971809,179.2628232602513,5.201298154036522,BenignTraffic
101.92188691825193,56,6,61.26457278952769,418.0096209601439,268.1417349791933,387.67907564024574,10,5,2,1,1,5214.6131593573255,84.20958734509024,550.1462123736771,504.0833639790068,40.47828956195511,44522.2504674933,0.78669655126161,42.93051714690931,82.24891043158343,23.18990197519473,149.57950417077225,58.71706267157394,8.746539959859675,BenignTraffic
78.94778578681117,65,6,48.49140491264666,554.1198832817353,440.5320252937742,158.4499689000357,13,1,1,0,4,2917.543784816342,70.0624142190762,148.5109937396239,92.82107038241296,209.63637430571345,42189.577515886405,0.019042159540200568,57.592025179439126,31.50142261008189,25.226724294548593,21.877726920970947,186.79074247309697,9.57768930422219,BenignTraffic
68.24020153992305,75,17,66.11592981809514,832.2291118407915,289.5158793608855,119.85971530604746,38,5,4,1,0,5220.373334165941,74.36563197730521,278.114841711815,554.6194164185631,55.95120765242127,24171.08678831671,0.4832456590893066,90.38478805923658,13.763946140781883,48.73660478160508,316.259532542371,122.88307863484576,4.810827084821513,BenignTraffic
11.331604662588289,40,17,55.34484511393665,78.02570419308509,19.68577041704621,231.82615194445276,46,5,2,0,1,8496.996832971477,48.233628797012265,1380.57238447188,447.818165245432,238.4262836973687,2914.8556140958044,0.3316852432354,40.05397850340303,66.15000488466734,43.262032745116585,133.7585939774666,162.19156620760404,2.5519697136390764,BenignTraffic
44.189124786826085,47,6,59.78783867692982,430.05391702603924,339.33300273580915,391.7676761041311,18,7,4,1,3,6883.227681450027,96.25968763699552,790.9611234252342,547.0892995577476,100.20063350549772,32288.642642693758,0.7405627568391849,98.13198837544353,60.626090722178496,36.78659473326384,337.7873179334545,85.46938781831047,8.341383430018656,BenignTraffic
31.897763885038884,88,17,78.4048720865443,14944.310025427634,27.202516171666485,480.28305344072896,14,267,3,1,4,2971.435878962067,61.115786243906605,735.0019334612447,492.62808023730804,104.79904628612589,3479.245830152505,0.3134479666943941,76.14377675706908,46.191803952598875,18.07155316504646,376.0341648025101,50.31427268770593,4.629343791002384,Mirai-greeth_flood
29.354358241152124,74,6,48.14229276175359,519.5110107077764,228.04552439665133,382.9716390889534,27,7,3,0,0,2094.492818429976,66.76895538743017,153.26884963412726,367.0269271453796,13.131533792958471,46387.71813057196,0.8269803056682518,51.63662363204994,67.95045475958892,12.432784978330151,458.8045955908528,183.1347289350617,9.419909855605894,BenignTraffic
116.76396551481822,91,1,4.171335198638029,10078.942095312777,465.06621376419145,428.32745758409317,23,245,3,1,2,2725.5645162686083,80.29961385987392,1120.0918312436588,200.6578851051712,213.2932674575618,48119.931574640046,0.5953585352920298,64.75861727408247,59.55519681866292,46.4645133061004,479.4801697850104,187.29581499718154,9.549090854478846,Mirai-greeth_flood
47.23241718754458,54,17,16.483548150850776,784.6600753182986,86.77594997223582,303.5168315544057,7,5,3,0,0,1780.6160937889827,60.03414829159324,839.2953133049105,279.2766018578664,42.848228388758876,10285.017149080606,0.79409946840031,11.120192942062504,32.55234189347735,24.03839852584173,15.157762691753707,104.53927738928574,2.0334612854923253,BenignTraffic
107.05638196573588,86,17,43.91686092730489,235.56399336767888,197.98681470606434,418.5268762668523,42,2,0,1,2,1046.8428906347879,55.255549659335834,382.9133105211291,443.37543066423234,234.13536746442026,34143.07952469059,0.9893512972017842,84.60763160005183,45.79560780604501,17.544010976088313,495.2833625837723,11.234053039858736,9.60898570599566,BenignTraffic
75.77352125707182,95,6,72.51017333141843,976.2309411028045,366.2808528799968,393.28832471169176,8,9,2,1,4,4249.448126976345,77.86296359621323,254.10326425348006,538.9010702357044,152.64166835598996,5521.181223575376,0.6794791873978133,58.65338805133262,48.530221277251755,26.191437188793596,344.6789760621389,30.85876119737685,4.314432929006088,BenignTraffic
95.39787529464364,61,17,59.36853696618686,670.6768940659641,441.71798526694954,191.60784325350863,46,2,2,1,2,1221.6660835428502,41.49904493691097,636.7430090847979,634.6122626633963,237.44114633682503,36746.32950008298,0.9849653660452824,98.62068054075057,89.22231950280073,46.30313402691585,325.32683858335275,118.87531244402713,6.8162726589147145,BenignTraffic
60.366187463312535,53,17,65.06438916875804,20.323422403429035,337.1167873475414,278.23519954975694,32,0,3,1,3,1801.934321498333,83.24350672160074,1272.026749873036,625.3780388367957,179.33869636734497,18017.095641481053,0.02980749059478364,64.00644563153206,96.48137387160635,22.418029102608195,17.45441664572415,14.517573437358383,1.3127507356064143,BenignTraffic
69.27077576670045,65,1,47.979964964771106,262.8593498383673,132.79576082462876,403.35279538489897,32,4,0,0,2,5518.514374960912,70.84140219259058,1311.4123828814343,779.516557445814,33.90564888550732,34371.455474791816,0.33880184849532463,83.57704674336618,90.37012261568474,30.318844876164476,432.0043718245014,85.4132655574721,8.999958466754494,BenignTraffic
59.152871488881786,67,17,61.61262799203006,6646.546882560296,338.930887193527,27.798083424028405,18,185,3,1,3,1729.5328096257897,76.34522383125606,943.984932553891,264.3810864975571,232.0391776445031,19270.948950906713,0.10874541129774684,80.17651153672874,74.72602216467817,41.133483549885504,81.29080915143491,67.64028965868239,6.774375964103784,Mirai-greeth_flood
23.509634236985537,62,1,32.96884203768476,78.56176322300134,151.88018234652455,404.9992447661358,2,8,0,1,4,732.4096975659381,77.91280955481311,1118.5509981221999,103.3330311600776,30.241850619477425,8132.807981828551,0.2630426264530551,35.200653995358614,62.649346024523965,24.220963897177604,420.2917754271901,145.7261723264189,6.7919902026077725,BenignTraffic
86.72200861985449,53,6,47.07124101039685,960.2282528951697,360.62246876027393,93.0546214042666,9,8,3,0,4,3242.1496152760633,71.62300938955383,261.2181023640185,309.24270165639444,148.82349896510635,20899.389044625335,0.8390490112266487,26.701451898087953,72.03354719193595,15.509381086686574,17.625647666770842,20.559947860107705,9.119585439797355,BenignTraffic
33.76460625665861,63,17,74.45347865293607,483.47274163016453,477.24639815459506,259.76839047511226,39,4,1,0,0,2281.1590763574786,74.95202664644415,923.3764916549968,607.4708564180575,59.981272102039355,6521.002805104711,0.033290942060764224,43.61886475971949,94.51982986594201,49.7536586772365,326.522488624589,102.85894110568462,5.575124574166089,BenignTraffic
3.0154843751313156,41,1,87.19609461941481,896.8564513981631,362.0897582976127,405.0963425801891,46,9,1,0,3,5201.52136114433,81.02729205339247,1033.7519848820543,378.5837382749714,228.17720161358665,29267.280473870345,0.5206627527966613,47.256893096474876,32.49988617014486,48.045688585347186,223.05275154721562,120.03171127636502,4.694649763262955,BenignTraffic
77.49212827926942,84,6,43.422167862243256,9419.641089467692,432.1258489416441,130.64143368756396,41,205,4,0,3,1113.434137373772,85.18713083078045,380.9979800793091,663.3413229420646,274.3614560637767,3006.625075324509,0.5675615788248406,24.768385491727745,58.16084569060644,42.95656261064813,108.37569723907421,127.28530444999735,8.795158770630845,Mirai-greeth_flood
21.33557046090517,65,17,4.461799604965383,133.98123472849886,6.04140237206229,126.67468245654574,0,6,3,0,1,7542.530798061483,83.64714347716722,1332.2166260743625,461.99477388951124,170.69658737389952,26838.664300393124,0.5615899955252841,89.56518946174621,72.06472171003671,35.97682457236651,62.70508196751271,86.97995768321876,7.681784606842584,BenignTraffic
112.86098426391442,53,6,16.251087160265588,479.59274880715174,360.1982017421392,204.36837723881467,28,5,2,0,1,9071.711842407873,92.1769874639357,372.99543252942766,747.3437919728773,162.87271534676233,44432.063707681504,0.47582177674943243,54.71223836776395,71.13223011918473,18.268953263136364,225.66257130769995,67.82987885161468,9.54078098468411,BenignTraffic
114.47603638261023,98,17,2.1840278152246566,122.81706836717399,415.64584064829893,447.8481848009291,49,3,4,1,1,7460.008222166324,51.366605990044164,538.8683037850305,760.8975814993016,231.5493269344292,42055.79023584878,0.7908123618049856,97.8659948232034,32.705106361915284,46.103582217381444,70.41984460749813,139.67367641005828,9.461097039794794,BenignTraffic
109.79224038743178,95,6,65.36097562180927,491.15534794776454,25.076575084617303,5.219176811417903,33,9,1,0,2,5374.987670273803,64.06887816950785,968.779585832842,101.97837951406154,11.47285576296089,44256.30328169834,0.1344095464160456,81.19176002658007,62.805837465077666,17.400050155455293,248.35883972861328,171.03811913947405,4.440935481042162,BenignTraffic
44.482028160627785,90,6,33.29823107297538,921.0942094072136,436.44087500767415,451.1846328377578,12,1,3,1,1,8620.611435709963,96.86776396086742,993.6900911830231,392.31007978431825,276.1500063641966,46180.39130422826,0.31126643853523656,56.01478117880266,81.63218281781408,41.036427260457465,316.3563587398976,141.78735117874697,5.0228766112727605,BenignTraffic
1.953248321811205,46,1,54.29361570836482,525.5604604158706,132.0636430134727,81.13447719759586,0,0,4,0,3,6979.691959836924,63.79543446317979,1079.1386373823143,507.266795937176,67.2601569564282,6121.866505909017,0.6161103273917276,94.75698753629156,52.75710820452195,46.321617557358785,415.41825486760547,187.0994494368721,3.3038645841170062,BenignTraffic
111.40539565426828,42,6,49.37835699370158,620.3347296261327,334.31959047913733,495.0927561534036,33,3,3,1,2,204.45611225687955,47.49220461435536,256.81639829548794,241.9044056091596,295.3944763096088,7308.61294090994,0.6912604149016879,50.9826066944354,81.39682690288615,32.13517281934602,342.5382242196047,146.28006981800615,6.945831002247109,BenignTraffic
51.43927938324599,86,17,8.244496306287427,165.07205260407022,401.1756651165863,477.6492615540417,28,3,1,1,4,4001.4925124675806,71.52670758173078,1289.2502018999774,355.30758453423516,223.51364490853402,28293.3335093433,0.40474428334527923,88.82354473934838,42.38943379790993,41.13752980510305,41.94788568601373,155.27755946258748,4.280877730799979,BenignTraffic
116.00191280333598,62,17,40.3858099762708,53.298269621169794,333.01893396438095,249.86421884768524,47,0,4,1,0,8524.42380412732,46.56945835326773,845.9859851965638,558.2611558382737,234.53283283319462,44804.66075279703,0.8754958920639059,36.456333338384745,94.4884114447383,40.6262794640786,160.64194094844024,41.90160735439689,8.07490581946904,BenignTraffic
115.63803525300142,85,1,22.134056379740098,119.69988255800897,50.680972076262336,258.79652266725094,46,5,1,0,1,3524.002693955166,52.17119432367191,759.8505117470957,220.05067017377107,200.2988643083459,48743.1233696775,0.41607790329921845,38.48559595700531,58.05355964491909,13.692098800444095,151.1095178869252,89.71253246007524,2.0939568465781946,BenignTraffic
102.37583371053647,82,17,41.89813888789851,602.546259927522,300.1791518358823,243.36692343654786,12,3,0,0,4,448.63021790268266,99.8991253942574,1473.5366743189134,501.4860147308393,146.78232300769648,3266.833949659998,0.4033733582139848,42.394937614122185,63.63531557133529,35.05660131182381,458.36588750083126,102.1605128816334,2.047625660491713,BenignTraffic
35.40442215914333,86,17,20.437470206190046,104.06158200238161,277.0439100774611,319.5446046014637,47,0,1,0,3,7487.178421667496,72.48175830376792,1136.5296157174278,573.0858711232296,175.77203107473798,18432.930125832347,0.03717105422589757,55.11593894838137,12.822541192412956,9.20605716069996,435.2132017524541,58.69570083597545,2.840098432774572,BenignTraffic
46.27321765937084,99,17,84.06119538706565,13685.064706853911,450.6590276967644,49.907242606290865,48,427,3,0,0,8040.178875800399,57.04350334242574,265.20843726712485,117.87223332190007,23.45683694438644,11431.81847833968,0.5515901948585391,55.79553674968358,25.32422234157348,27.85325644118666,191.3724799917043,110.42257346769469,1.7586296959367214,Mirai-greeth_flood
102.15128691487114,84,6,17.50191432416754,554.5910210535744,205.09866617388354,21.14588442907542,28,0,2,1,4,1689.8775809287547,99.68649727443437,1159.154834116737,423.14698702058956,190.94825773528413,38042.32659763115,0.7089721576733932,50.14349324603134,66.96404924239403,12.300599666325986,44.866075382464736,65.25046940215103,6.580284469104113,BenignTraffic
38.0989484182377,57,6,96.081977093549,394.7662706435486,163.9351430580898,33.562949565869935,38,7,1,0,0,5419.6709187474935,97.99353511330858,233.3485075620173,247.31002244314308,191.56844957624355,32369.49955831457,0.11532372535333126,31.294096384733578,47.78833346040442,23.735727445839427,448.1125857243194,140.62539763283903,2.3261748941506477,BenignTraffic
20.422180327662492,97,17,41.64914587807939,172.04696345064846,376.1761283960508,224.96084787454961,23,9,2,1,1,2000.358846057685,66.44434246505581,138.45878751817878,593.2897669985334,268.44823124652476,6874.513542708425,0.306127333321783,92.79344001429227,55.73474114123572,42.484193361429696,445.21307695245173,99.35481057360342,2.439666257208888,BenignTraffic
66.86047136875618,77,1,84.63990467270303,13867.343919459045,209.27428641128134,141.39622991364428,25,434,0,1,3,7220.4207485370525,55.6241865272745,665.076253377856,192.16663140270535,156.64034365476363,24692.581300883605,0.7814756968290694,59.27002363757617,15.66742678603304,49.422552783359194,428.8256046950553,97.17332131111677,1.128054013562494,Mirai-greeth_flood
112.34495742187764,74,6,62.91360533877392,929.0343575200912,324.81760662750617,312.9095833736419,16,1,4,0,0,2788.3495062571083,90.3039782855314,1491.0094419469062,719.1784366535798,32.37186848495769,34586.585596193276,0.3665535159781618,41.366182402967894,85.07217145693458,19.308192424682797,424.09000249039576,196.89208089623423,8.03881013161249,BenignTraffic
83.55397262132927,90,1,73.56149483670869,14541.306030575752,324.99279461168044,496.2589332405156,6,279,4,0,4,3230.5297133769677,82.93724301830714,344.8375106728077,373.20600238874516,98.79681693980355,39171.26430227784,0.24236085957799983,65.4665191136182,80.60550420665955,28.938006445242948,245.3244605322158,84.56452122308839,8.31066449881133,Mirai-greeth_flood
68.45033429371486,54,17,76.79561641787134,501.08736029308767,444.57933685825833,196.2299706728506,12,7,2,0,1,8465.211451037003,81.21648610021063,1041.702080937506,198.50227273066514,200.13252951315206,1982.582779416418,0.6725284629015471,77.0287090231707,26.681857814966456,28.008411096671985,96.94150960230313,78.83613219201798,2.4582017472799573,BenignTraffic
11.751461603115148,64,17,50.53400370111248,22.587741087024582,301.3527391479532,289.0514207817341,4,7,4,1,1,4815.591286848353,93.58682447934835,342.7544926885671,378.516347262747,79.38507019792453,44633.0091252106,0.19756201889398395,96.11208073459606,67.08964215316414,47.94806794239797,243.96914472658958,70.53483054370435,7.65571990840502,BenignTraffic
73.83936648123046,94,6,54.375722283992516,992.4912464845755,253.5660369311835,210.72392847413107,25,9,1,0,4,6730.569067060654,81.36502803227947,1114.7017649417405,356.5578221063959,91.35306833806627,28894.787764575696,0.8957572666635937,50.45536706449068,83.64836904888445,26.53626795947481,252.35290762803777,180.00235198540165,4.901906108416236,BenignTraffic
118.80745662750117,76,17,51.44818719409163,674.7403855456968,73.74130656627591,424.39947552232036,48,6,2,1,4,4083.4932021524296,57.02787658249295,807.4951355329566,371.6892196202827,247.9360147446475,40783.54663303533,0.10649279763011482,12.09775252472512,67.67687227740399,36.4597792429864,250.06655908998175,104.37752695865386,3.156353946688522,BenignTraffic
16.896073426859232,67,6,58.847031971198916,323.75325257149547,62.290115305959155,451.60701971380786,2,4,3,0,0,3050.267886218179,81.63178971254393,1051.9603941251266,489.17097012308517,179.4527222111856,40588.96347069989,0.7068432524805441,44.63581434221759,37.93582857662604,46.48051548988367,273.9985671964069,124.00275072132075,6.59246147266446,BenignTraffic
62.24772531841204,49,17,3.036505131075079,13868.206673435217,81.38917481512429,439.29102804160374,6,404,1,1,2,6292.232798204148,58.34881067701984,384.02244627992843,440.88029368515316,157.47295521433603,10302.780353277489,0.5000491525850888,48.41808558389367,69.05000354303505,21.8020351791578,136.251941265666,44.355511010455054,2.6063566691237634,Mirai-greeth_flood
105.29703132416185,78,17,39.611965467916626,9678.627373607822,90.06499825691178,487.31425814623253,48,380,1,0,1,1633.0899833803308,85.55433877941971,1143.8796655287028,162.332848760677,102.35107037368326,6398.433892428022,0.8700596328345966,89.80241374038171,28.9415572914891,45.59550072104244,189.45817875547138,112.7790484009361,7.811952468877319,Mirai-greeth_flood
88.9181572687291,96,6,60.65825248476104,548.5764133909241,320.7491608684988,18.621996644505572,38,6,1,0,0,3792.6983721119436,77.18487126949395,1493.8666834717894,99.18430448497725,221.96913042057966,36343.07617971751,0.12706889593521037,40.085276077832354,38.64294975514788,46.28552998509561,222.75143006210007,62.18315664501277,1.4285370481349653,BenignTraffic
83.67218734533263,56,6,59.812584169060855,10332.006643690402,371.78571888591637,420.7090002620379,0,253,3,1,4,2169.4666701206306,44.644693119085034,1031.9107008763435,597.0615865449054,93.4383460021085,8664.919022259335,0.6782170235775917,95.3791022238267,31.60626877964608,46.87981267852088,74.24939266308493,148.82101503994673,9.632178396351229,Mirai-greeth_flood
84.3278416700544,78,6,79.31631385110259,228.85273773919116,267.34580384857725,377.12722565435115,48,5,0,0,0,6988.37017271338,70.77012174610852,790.8719973020287,469.7880769462351,223.74842011681082,42646.93707883146,0.5724825845422,49.028058863719146,60.12325921511859,17.17007834621419,233.12842593513523,168.18038627055262,1.6468772833776202,BenignTraffic
43.20298903124865,61,17,65.53543294932764,12182.379949812843,415.3637776100181,118.20373265318057,16,260,4,0,4,9447.667499626465,60.59805815174445,1392.4435840669707,319.2505760594478,30.329429277558184,36583.284709243155,0.4806100520978064,97.40426959691396,19.740398208899375,23.01600174214813,407.13011236410057,145.81403150494273,6.215035773238208,Mirai-greeth_flood
35.30166212731276,65,17,99.21411830243316,750.7099869192076,495.67529723314846,478.37844622682616,42,0,2,0,3,9955.558583357077,59.714237963937656,122.19257912462682,656.2683668735554,260.71698905880424,42249.44285389787,0.4919158561692357,1.8116337919652572,93.99793423135048,44.16781587015659,415.74917593910936,148.7463915913489,9.119748611101407,BenignTraffic
97.14240254187378,83,1,28.457067408003642,562.2350932559592,410.9062514140812,78.348074473823,24,6,0,0,4,4557.740423371748,76.13537814263543,1121.8929270001495,341.0438556957177,154.8742743790205,15651.621300857958,0.7222549848367322,89.98272210582832,40.016111829658016,21.162282092618845,211.66624823150485,107.37019378270823,1.107140219630653,BenignTraffic
97.23259602203377,64,6,35.97918786365653,14990.907677973108,348.9667749695998,341.37721393128464,2,429,2,0,4,2600.0508574008004,59.339489468165496,1344.245123539338,646.9738172004556,137.1673248427013,16513.304960117883,0.9378039132798872,93.18092474239172,29.70731143952212,32.01138648200773,264.2160729213332,145.3024307034857,5.486630148901513,Mirai-greeth_flood
104.06197099775443,56,17,38.44633047159285,63.31962492804586,268.58388622138756,116.32065732387667,14,1,4,0,4,4484.010766804809,86.61362489229236,186.34441706934044,279.31709563428103,187.1967893471581,33889.856260969565,0.09216040745992904,96.14107264075612,54.68948322416481,10.312452826702337,26.488662746177752,90.31051774655046,4.150062678796119,BenignTraffic
109.5975422515209,52,17,46.63469942132283,8636.27748771157,227.18227047898057,218.53342114316698,28,273,3,0,2,8487.967158630965,44.24748616067046,730.0898385820615,104.6339731588998,191.01570113991843,2540.8517978884292,0.02048314496290971,2.2945768832868705,34.92980366092445,7.532374465005835,340.4719526696125,133.7829391706265,6.222989712321182,Mirai-greeth_flood
61.409953623426446,59,6,83.61620657174282,12590.520100671081,46.77422836954846,360.98414898756164,42,110,1,1,4,2139.456217665195,79.62329514374952,386.6072355299985,749.4797703499468,48.29020129809871,36598.34057053371,0.8058990876887223,17.99838281848059,58.14136777443799,23.539729527147767,208.2568826439629,59.217449922897785,3.0291164806389284,Mirai-greeth_flood
60.23180373299524,64,1,23.655630186525066,12121.91728253204,202.687530455372,283.8456978063581,31,328,1,1,1,9525.746951363944,88.55168821940447,893.1254318229621,345.91334696102984,229.30774104670184,41953.37047187546,0.10906121816320857,65.72268580623039,41.36582348038769,31.051243966672285,228.28406471083943,23.253832339281928,1.5840929550855227,Mirai-greeth_flood
95.81559195811634,43,6,77.6224206828394,544.16065829055,455.51664520715644,216.6134065074153,25,0,3,0,1,3484.471111101695,80.36990139522581,1009.3601420451247,644.5194296370335,90.01920640551825,21343.015743601096,0.9867100992843434,3.5217964817756062,21.886012969213674,22.671460101152363,438.0996363180847,88.55992018317401,6.6333973316383625,BenignTraffic
78.03067530025405,49,1,40.59048729026577,730.6677049634358,404.9712018037437,166.53752331133367,15,7,0,0,0,9859.456228558018,69.83375170119974,523.672456100257,259.35809991672835,272.43894524927504,38479.062674334964,0.6197289007098784,7.297290621473572,33.93057178245358,30.99810965723789,236.2988729346981,97.7378495982931,4.751643155440622,BenignTraffic
84.26582858319863,42,17,60.225352827834655,116.8642774999997,111.94542568078516,420.6315295758512,24,2,0,0,2,8402.227986586226,97.01842082417087,743.9743375493412,534.7738340927419,247.1766923903014,9555.934932130835,0.6512155288588866,22.88680849565075,49.45958604653727,28.17879692773033,20.384200651647852,58.717360055851096,6.6023698483560675,BenignTraffic
95.51554106538852,80,1,63.29079926930798,688.4450359547146,235.97085342512185,76.18810340583279,27,3,2,1,0,8104.848288059165,57.99630938788381,491.0752793871833,704.9831549432962,110.41715204507706,16790.75929715475,0.19969281123507937,51.731537105644534,12.726390383166306,35.856825317873415,121.47053652584057,148.26480849737516,2.8948523215405864,BenignTraffic
106.8116404839262,84,17,37.347578855174554,100.95217883294426,409.27798526647956,217.90092388225102,8,8,3,1,1,3247.2562703555072,41.15007325149867,617.1476302371593,81.23301675498524,244.2443950282072,48740.9431924134,0.24107199798637777,55.04435336741395,79.35782743132857,34.228959397942546,243.0541010110469,23.974591005493046,4.0486713665813365,BenignTraffic
40.625619306499146,57,6,51.31025900005994,6990.176920149871,38.35535461883365,452.3599980286954,0,129,0,0,1,186.89439828450168,65.91936228780645,323.355939363793,672.976823514567,113.35324479697222,49330.08050444619,0.6596909527961509,4.391851156556931,65.96421081313741,24.091056644296103,217.9541834467825,52.322181632045826,6.0551325042814925,Mirai-greeth_flood
45.13239602152929,86,6,41.361814347304936,493.5101887642902,196.75932990598636,423.695527477684,28,9,3,1,3,3883.1157973772797,41.98071615401963,1339.783221019884,478.4997537289465,39.27482767445178,26117.64759805781,0.9098171110962627,17.866357827371584,64.12236465505188,24.124785818893848,431.5813672674355,152.2272965061891,6.338015004922545,BenignTraffic
11.368434586920193,75,6,7.006365340043282,159.1693466327786,426.66141225260407,203.46617242415812,21,4,4,0,4,3087.9127596606672,97.23620515158453,114.014574782791,505.60381543142694,288.9475892304553,46779.21978172997,0.9824081639630491,50.47086166013088,59.14449386944894,11.33502530055044,275.64737956002165,93.05361201060235,4.350833269968387,BenignTraffic
69.43578890544126,86,1,43.77282234280098,348.959799673211,204.92944276421125,382.7386399826476,15,6,1,0,1,470.2302050470932,52.595082744883086,1335.3728610213038,442.368500604487,199.2545844124776,26613.803224785875,0.19883291568446257,59.80012147339712,63.12818550925617,28.09573574434066,347.9215135384093,144.00388856746937,3.520478850549008,BenignTraffic
4.409478628229376,61,17,9.829599916099863,419.2822848023088,43.41924914206323,412.4646112008853,40,3,1,0,0,5103.116039408704,87.33562143693277,900.3504296896339,705.8563274627318,142.26886273215158,15287.818279896708,0.13498550308708038,15.691767952135322,94.11867574364985,31.423060766106353,239.96841555130035,117.82231677888329,3.4633056653973626,BenignTraffic
55.92520237408198,73,6,40.56157782812412,760.603160965772,273.5545124234645,444.99927488179674,43,0,1,0,0,4090.0099816990924,86.4743249904619,564.3209818478244,82.5750179267281,125.3542719440015,14078.06511683982,0.05734495640302968,40.4852997827501,10.771228972966663,26.44202288092218,225.4313096889908,190.63542249949887,2.572294162788086,BenignTraffic
65.16309170143843,86,6,59.33254814319501,7405.35086515947,431.5625349845562,274.53035567936786,40,421,3,1,4,6382.109030641095,53.06373398097601,1112.2799756444615,245.77129365188608,104.16454693489655,46545.779563039294,0.8684287211431665,90.53574221517829,14.301973869197434,19.656830078914957,228.68046755243213,123.58120821733827,3.9286446609662846,Mirai-greeth_flood
34.4562961301813,47,17,57.98354844441573,615.8211002839577,297.19134376181404,106.20813859708234,6,3,3,1,4,6249.744589721424,77.27359182881004,810.8530126077301,706.8219041443665,294.6198026744475,9449.873059719097,0.2954201320096123,99.89102941757103,27.23440689377221,37.47418449132812,211.35156914998103,12.825105125648744,2.7949630331189796,BenignTraffic
70.94090794222438,79,6,66.29586577293121,114.87140543290803,117.00815856604474,131.37799286944616,13,8,2,0,3,1295.3916953771331,42.88473810918701,798.7521213506491,614.259276898967,49.07670688796315,29401.99045188909,0.00281022183538241,98.73423102828298,25.05712419938351,8.359774009035084,273.90585906855966,77.04669659582346,6.7043386560695035,BenignTraffic
3.756979967692027,88,17,9.616624644667166,160.05367787179685,195.19861196800375,151.36886365059408,28,5,1,1,2,9771.958906653563,69.01447514223204,254.199196086553,63.23387013395438,101.29346708696481,28220.72833507326,0.2245942679703724,88.28577651840037,26.30750135222644,46.14981663893213,132.7172668592658,37.18152961889446,6.121602984178806,BenignTraffic
4.578047831030808,83,17,65.24711222849074,102.81935143910107,227.81106378505643,298.93222800075966,18,0,2,1,0,1950.6211514703245,40.87882763634921,645.3224363235721,437.7547124072815,150.79431568197242,37241.46254799675,0.34110063901931903,40.071348707044635,70.47494972637851,5.928954779560698,446.61704498249225,185.68039874356361,4.443299413038281,BenignTraffic
98.72980722309302,58,17,31.283590863975064,581.4010554546745,291.73684514116076,21.24076394366118,18,2,1,0,4,4508.212845170575,95.2686328108505,437.4900841994313,447.1795105345061,148.6198680657503,25462.90246871396,0.9909951833271886,68.97085491540363,51.35349709451488,48.305756004722504,173.21191856599773,29.762366314165263,3.9324701794365504,BenignTraffic
43.286857905210425,81,17,39.964690019097404,878.36705709629,380.87875774754343,319.8410220460843,1,1,2,1,0,4932.363679993976,98.5651614519743,121.9742678347915,350.6616013459328,146.69628047827462,14341.997374698576,0.5240180522632246,42.24263055063567,99.26009905012238,25.80600204205981,82.28667874689994,83.66426599490663,3.1385278017517826,BenignTraffic
15.334555466960985,80,17,85.8128267668783,439.46250713222406,53.94244073211453,185.35534802197483,40,8,2,0,4,8149.3216924197895,53.336965998315115,604.1394830949586,273.0449990464923,60.97730659081073,9300.428481947349,0.2055092336475062,65.20417565559607,30.419732332265035,23.570147480159353,57.30973451289511,52.958846789071515,5.819124780634071,BenignTraffic
62.71696688057105,76,1,1.0021373725420701,169.23969221816873,445.37775634369535,151.14469223237288,44,0,4,0,1,1082.373001337003,52.48636207578237,225.75098119584663,561.2936378092566,52.03043286175516,31420.121371788697,0.33548352636873763,31.63381462597884,37.97470909247452,16.539980785843465,16.577228408862528,170.87717817537933,9.270124879111195,BenignTraffic
92.42222701652344,45,6,58.88242207072649,562.4619018974773,11.093302992957417,440.35080251042257,14,8,2,0,0,4343.578364164465,85.22321059372777,459.5620528152593,205.84284852856536,83.88260003529982,36230.54708580842,0.3309773798693216,61.014023107422865,98.58166451214841,5.453201067452743,217.19947849776213,68.62763454189422,7.171327462500434,BenignTraffic
25.9769411968715,91,1,59.91152661200075,813.6346946970527,188.17590566375634,232.70118581249545,2,8,3,0,1,6322.171485338419,55.20276392976007,229.52326965633222,649.2114215537796,275.2125846025963,28906.5426554196,0.020706020716712313,52.85209115873214,84.85823267220223,17.36556189898099,101.9293843872581,198.45976179710254,7.699732426320106,BenignTraffic
74.78456805069813,65,6,39.72631165672185,744.2949408978008,18.573053436465536,52.051257538682925,10,7,2,1,0,2230.04065407815,93.7045935497107,241.3182757789584,652.2778705756039,42.78536067200794,37179.21257893854,0.13604787111725863,3.4235463155067953,52.281929861067944,9.922996645715028,20.607472267751476,17.337155066327668,8.50940077290767,BenignTraffic
10.333161052752782,73,1,23.779082925122786,882.6362718782711,199.52224154591917,414.2396501729923,45,7,1,0,2,6311.932197784121,74.43574816737893,378.6158121812636,361.44607817961537,229.65327997826418,7934.538920048047,0.695501263243508,79.27958747086527,59.91371969913908,34.691937921202765,264.80957768186664,34.37258676788751,4.1647147600406385,BenignTraffic
6.296638368116063,98,17,23.543936422328958,13708.10424775618,265.27723644229525,28.582422431070768,29,388,2,1,3,9244.28189174156,61.046657380618726,1499.7889422809603,262.6610081822357,229.68903400867768,44241.03955221364,0.1211307355841639,2.177885392270406,85.88601285875565,19.35837375443268,343.1894888388731,52.68136752153073,1.5658820390303887,Mirai-greeth_flood
63.80942032502095,95,6,88.38259599910918,202.0143285950971,258.2822863578483,364.74086596325736,39,7,0,0,1,9975.429498609483,89.9616247809652,103.05780000014828,262.9086361930349,244.83341713020607,29537.37991201665,0.23150354232951267,30.022438283076877,53.288222144169524,39.52306977816477,52.018014946441134,164.1101476380303,6.603029229894799,BenignTraffic
64.92215108105177,98,6,44.25823494090747,881.0183210825194,86.98603177899135,388.08357977647927,17,9,1,0,4,421.2656602276896,69.6044020248037,994.1416905685674,411.71849299715757,267.1184918069131,7215.352417737261,0.3513865611059045,1.5864824799462345,28.542135122387588,14.311228430575262,235.8511787306332,176.918269722163,2.698050621052294,BenignTraffic
76.52784518963496,84,1,33.15584736261828,660.9847096502428,324.64155249732806,179.53828993478479,47,2,0,1,2,2432.3234596223074,94.69797482250854,297.7411772371803,589.6844185620191,86.28049148628978,23634.335006081015,0.7579772095577915,38.24393991622462,84.5600084698947,45.510568584444925,374.3780525143659,23.575762315790247,6.121392849960996,BenignTraffic
87.15835091334712,45,1,44.93287962575717,317.81964070747864,27.16533299981077,413.2699888575044,1,6,1,0,0,3172.040446337805,95.68085420376286,1388.879391395086,319.1515182453941,75.12224608797995,42394.79515542966,0.5828185639030719,7.252892288249791,58.399524214807904,28.534168179762467,493.0453422941283,16.167426934832516,7.655592098413583,BenignTraffic
117.1046643275579,76,6,66.9721011057902,744.9245700667841,382.14387596554565,260.2514058989444,31,0,3,1,1,4051.3483944051645,49.92520912770456,231.0860506670809,507.53250909331365,144.9966432929691,44980.54747920485,0.6893109850035797,91.43758571629289,23.773833744743918,10.152778841104164,336.92326887485484,151.46580284987007,8.05274471933053,BenignTraffic
62.00441176131332,96,1,14.661081167650694,816.9672006355642,473.5889948268054,234.33035837003442,7,0,3,1,0,2498.3458600891972,40.139404367915816,1437.0884619767312,336.86334543694574,86.87585893809049,13967.825744939313,0.567445313094752,42.15225022112399,55.502724806595786,23.038035604406552,129.9713798966651,35.33688128318656,3.716552082227639,BenignTraffic
38.82248110565539,72,1,44.9984401378524,618.828457937721,173.18556943980334,27.47462432700281,21,9,3,0,0,2114.531146097594,99.03585640854413,955.2969424768692,278.39239186353745,222.9498968051012,35852.0254108122,0.6839088327966472,46.49008171157659,47.18830425371729,14.304223583139274,361.1112834917098,35.26973154418145,5.611899093123837,BenignTraffic
95.44282475276756,92,1,58.82964867392766,691.005268781116,261.0334939485943,148.56445085620842,5,4,0,0,0,9550.08303993325,94.36825216764876,101.77530768168634,68.64463693684561,194.42247725501576,5899.2771267050575,0.003839311510308474,35.63517337299463,88.91582786935822,13.985844177568064,302.9854191417167,14.249641553941562,6.588685866494731,BenignTraffic
32.5727869263227,61,17,94.86347714965824,7410.6533033232345,192.56058763911312,465.8499355882234,11,484,4,0,3,9193.363867428126,43.326714142230486,1351.6100770835285,52.93557930154298,263.74642953526893,2643.747699195733,0.9309672462270581,63.12310926597486,21.344988822463307,27.7866381943494,113.78165140495838,19.463496740850154,8.375326495305597,Mirai-greeth_flood
52.73267334260577,60,17,25.327525429334386,543.3087106696087,8.321643200509676,198.9528618253325,46,7,1,0,3,565.225759930863,89.9820558364642,830.3965219136857,220.40575837400334,33.99410801125075,28459.548737177196,0.11180931064393171,78.65640354520217,88.7688824003223,35.235140703636766,427.0443046653018,60.098337133142934,7.8524979859445265,BenignTraffic
9.506920122937688,45,1,35.989149716832934,528.9175790189006,196.0078789330824,275.6167576756003,39,6,3,0,4,3454.248913887997,67.4682959535524,467.73762946267834,354.8047151007466,275.37416667384167,35046.551387078165,0.4068428468809279,65.16652756184881,56.09899151292562,46.02281924765427,219.4281693415244,22.351042988053198,9.891777888796332,BenignTraffic
3.1395541355133556,45,1,37.99792313325014,849.5673132194642,396.9015283343665,268.35073109720463,35,7,1,0,1,4110.9706814162255,55.537696301498514,1174.1908485218821,688.4458755215452,95.07110173432596,39993.549827648596,0.7712673318746099,75.07250472111762,46.39279869830329,27.597290484364404,481.3690508197217,80.08702741526236,1.072762088770098,BenignTraffic
115.52154491988321,94,17,60.5932619487238,841.5643404793607,300.0144768808235,297.2633894622332,14,5,0,1,2,2466.243893192839,92.72479142061579,1397.331775441618,648.863182197819,152.30136031882537,17670.5956843114,0.4357954872914145,90.69139268741678,24.57704659626463,48.46274487762486,364.22149364941123,168.22725593319632,4.937404967768197,BenignTraffic
100.33401644941348,87,17,35.73753209869617,13689.63772848294,55.123657734503674,35.35882304342489,27,353,4,1,2,6325.841680182937,51.800033943418434,777.1671524055115,250.37394694099243,137.19731642249667,1319.7451110154625,0.9468957091158483,86.49110663547144,73.07361663748114,47.37356834330159,325.83594576959285,72.0008488911026,3.304400377385151,Mirai-greeth_flood
83.54730731063438,43,6,53.397841337439594,20.921298119841136,424.3340473984236,184.2772461253705,48,1,0,0,2,6439.769391777986,96.837999965204,541.7748642203553,233.4053322382245,230.49037882028293,24496.442618456338,0.468121359550268,67.73178682261589,93.41260381990364,43.927813849296214,366.89289036351533,148.2884908900806,2.0790404843038606,BenignTraffic
49.13345803527096,69,6,78.20085395151844,752.0500296241994,267.88724571819523,362.9484955718643,44,5,1,1,0,8519.99186045311,52.337289261960464,1204.5231735088976,220.49155330252057,131.89665973523432,1776.823723304782,0.8750644661970687,22.24915832753843,43.78396185093878,27.498976923308835,244.26753922092854,27.84289331789572,9.20363795350466,BenignTraffic
20.87798897649441,50,17,70.56802085180914,761.0896262098948,421.6530640636147,104.27732428112654,17,4,4,1,3,7434.605757013656,76.82099126372461,1054.4996969038366,304.4280053966503,283.63041223832874,5507.241022869197,0.8110172852489086,64.13258225315096,31.74265006037501,11.34067746595926,257.5609741228202,135.28128560970364,9.981658594861177,BenignTraffic
18.85680141626322,69,1,44.692227786607305,681.5950346265904,292.20965179858956,105.77129688544842,1,2,4,0,1,5471.475936962961,53.38518007173849,1344.2534772503814,423.649039671264,271.7348259651869,17007.76210405567,0.9810053164958845,51.102226478310584,59.93802252992413,14.805701141692321,427.0916188679245,70.18196481891266,2.6253658711425127,BenignTraffic
30.10412348993498,70,1,86.43519614964947,758.702011312538,282.04578019478026,9.99485031106724,12,5,0,0,0,6570.509023439757,72.74011989811808,1069.5196178656702,379.0008290236816,262.9267340711569,22421.430428448683,0.9266212329702245,72.00470387003159,81.65673535904833,34.1451501220389,343.65498295531637,152.45304695243723,1.3459005352122724,BenignTraffic
65.95227709826383,63,1,55.85821093442691,843.5506677817416,57.10329667252113,221.5535536710638,44,7,3,1,3,2812.488937275879,81.03850779490847,440.9396744593508,213.70489908612032,30.66491646798609,14694.002620252779,0.8982257108781658,83.46023319089858,10.339092509547974,23.978974112788826,449.64922934390444,35.88788267071256,3.4754900291245034,BenignTraffic
85.78005113173747,94,1,54.036593366271035,6600.961376574445,87.84306790362083,441.9535184333439,14,313,1,0,3,5971.256280676841,51.41367584920825,1404.3229496626266,147.83855745771353,257.7348378506424,29511.398058730683,0.7318727361789489,74.52942822145533,66.82396927558864,11.60607342892984,446.5051092513916,180.59784177525157,8.513757262597561,Mirai-greeth_flood
79.25766546845598,48,6,3.515357817321902,507.0297113535627,486.1525019658126,30.69096707571796,19,0,2,1,1,4943.349822024201,71.25314696204074,246.77004608838783,59.433359364646535,236.67427917853104,3712.1396716866643,0.36763114912095257,84.80955582616724,63.68644006287678,26.554727013768968,488.4801166816821,56.08966855060795,3.645010748793851,BenignTraffic
33.66407424381855,94,17,98.67062873768045,133.4669163422766,118.10093964361153,99.6037612005213,28,2,2,0,1,1420.1102264320668,68.14358466340714,475.119850149587,165.47242899987788,40.018754631777995,8084.405801739651,0.10701929314633753,7.322770960761361,38.6336967223744,5.7843745475920665,353.10518283421374,77.09618072342353,1.512113324478594,BenignTraffic
114.58834715151697,42,1,12.38478377210971,391.5221242168882,488.8387984052321,158.49184647966376,41,2,0,1,1,2501.18833817141,44.262245284200475,828.2724508134398,579.0172776455887,41.15015437650435,35067.661637016245,0.6889564072121256,4.130383785508931,50.62807032444733,38.025291690481694,256.1278416542536,190.53433505542793,1.4724296555772691,BenignTraffic
88.57384031182265,90,6,23.1899781515219,646.9315281126665,268.29678972951035,367.20374459928536,28,7,1,1,0,2987.7651621437017,89.09846906051817,892.038836499262,232.7289270091872,39.337505340086935,7964.901826297969,0.9786754272566269,26.591556202259802,32.226690174563885,8.311158252036089,91.49273310245036,119.9116483488632,4.846805221324928,BenignTraffic
66.56705089611694,70,1,5.264514040428543,782.5957783858017,72.21557829664889,322.11461843728034,2,0,1,1,4,9250.664713820324,60.1409440385705,121.4348212776676,401.45135759113236,13.286452029301387,32348.9848769507,0.7268778328945371,90.1659423267542,81.08971641566585,33.310112896045354,355.6364742272345,79.49658860297417,9.386431507554578,BenignTraffic
73.44531747349883,79,17,64.03629638700768,225.03700671429846,54.15459036307801,210.89223276801823,18,4,0,1,1,2380.8277299203055,74.47493185311276,1192.801816149316,493.4758616924335,169.10394850642922,3679.5464169149122,0.9288006399080582,82.54226584741342,67.1081440029497,40.68546384315197,152.87308121236606,190.42440793639003,3.5732839747566874,BenignTraffic
50.410047485092015,76,6,22.547647579570736,146.44467016764304,108.38771499934128,380.73912493289595,2,2,1,0,4,2963.514637914715,70.88705409598806,606.2502457955453,715.1306771237054,292.28434451645256,20961.731676837877,0.8045004082425612,68.59000248173585,57.94404598350867,10.968974350428448,148.6443083382923,72.52470920910608,4.844419126309393,BenignTraffic
29.80294564118878,75,17,18.08304270352508,666.4115844554873,463.1904783625412,306.76735077016644,13,1,3,0,0,3756.6058878853796,70.79563027422654,668.9859574029929,716.6413237950646,137.21856384094013,9693.064035937936,0.1639515604415621,70.37510807653187,45.32735785760445,28.338741079970564,126.76101045955336,28.025435408284157,1.9174042484434768,BenignTraffic
42.78112417028627,63,17,8.946702863901814,11.861084689661535,210.00436104247225,448.54019583032346,39,7,0,1,4,6671.0531123913315,46.43334365250925,1233.117362211724,609.3003002610193,166.81967554733336,6372.177844224135,0.249954566820696,72.94037645656304,36.22459474186589,40.05803814617613,438.8098081022106,199.40128869328976,5.44215513942083,BenignTraffic
90.96574864467786,70,6,10.420564816689165,186.58885846425653,200.73996265649262,409.92324082365303,3,2,3,1,2,1270.560085474191,65.40892055495996,630.9967484185623,76.36774403637607,290.7112410632871,28784.606391560148,0.342523736160588,94.31766734798994,84.04628374390883,16.728505464065062,435.3025788742575,60.89053490619363,7.268923578571336,BenignTraffic
1.8257792867077287,45,6,58.50860297421462,38.7806665405142,160.03709922973613,130.14273501415428,10,6,1,0,4,9544.057603688383,67.14200555239421,166.11482709265675,481.30281431406115,84.0028463445269,46488.45282827547,0.16909218389366612,83.3869240784482,50.62669033902121,12.331246685072859,319.1755179863285,171.73899125292542,3.4403532505949763,BenignTraffic
14.017109596779257,41,6,68.85196580007288,175.21626667632222,77.79561603046125,139.3620959289291,30,0,0,0,1,8669.155078938169,84.01857042186691,347.0156786584904,639.9376031236299,258.9563732534963,3684.5653482538924,0.5820696813403338,62.715648315677704,55.13026778575055,20.15685999353556,241.76068087166055,41.45275101638658,3.6704017767581627,BenignTraffic
5.615716778408155,59,6,39.798160947593665,189.50608712625018,246.4863426102412,67.05145551723089,42,5,1,1,0,5814.439122788606,90.40112991524191,1438.2644413434552,62.966033572522406,168.45323549140346,21656.158162683678,0.9754750736108163,66.90582809045691,56.874585748666746,29.96146294624921,339.33608544841155,148.95725463770182,8.577775228656442,BenignTraffic
4.983383398044519,67,6,48.04171845104812,393.79685880289026,69.37365234301365,171.79753923014096,31,2,0,1,1,6772.974887507072,72.69893668600108,198.56750736351984,462.2634602424337,175.1481892522731,35669.23644952674,0.7616973746027225,22.160285944051072,50.35302418884188,30.88758176846375,307.54243064621147,109.64538494972788,1.0932735011245938,BenignTraffic
102.66972402291977,50,6,68.6281768247001,408.3038534396904,418.56271700925214,499.7742397659517,26,7,1,1,2,264.9386653177383,45.20697724389943,596.9036813552227,693.323109339522,109.52041859011223,23671.703752703525,0.42396336231839443,66.07456369047098,33.04795836145814,10.889435005595915,213.7097816784598,196.37224607512462,6.728236376950873,BenignTraffic
84.46857733966483,43,6,1.836241039529416,8500.389013859529,188.3465082062767,205.8468284644552,29,291,3,1,1,3455.553275949642,54.21096823579278,804.4508338718824,405.5765568817002,172.85946468040336,40518.30135915701,0.005499976499308373,43.04322222942739,20.83063962187468,25.590598145328723,196.01912506796083,115.0377676575559,4.544961714474553,Mirai-greeth_flood
56.9534421075703,54,1,32.38075264132083,515.008615373837,190.5277660519892,114.14177517110767,42,1,3,1,1,7977.036283548276,49.89604161116387,790.593158273984,53.07965217308634,31.21132774870234,9802.620477342452,0.31396273512704054,16.143225189968632,18.868354045096662,17.072698799276953,197.5692109912216,14.752878859262283,3.6854246220532207,BenignTraffic
11.830315862055077,45,17,97.3124650322276,726.1707179561635,239.63318209916216,382.42902781539874,1,5,1,0,1,867.0814405446204,47.47690379134748,105.54392021699985,58.260018751705594,231.74663605809255,48020.11604635928,0.5272325284045231,80.83387910541086,78.17162710066198,42.891089812922786,298.67536754645874,124.7368180285767,6.918344490194894,BenignTraffic
59.044743426508205,93,6,58.05321174657726,113.09598434108457,224.84321801704704,273.5231467140148,48,6,0,1,3,2894.90695868613,61.95395791706845,801.6278240404865,362.47702806031293,92.55945084783879,19872.968760854485,0.32492662297811864,51.51446288051142,30.117504007136024,19.110880942881384,327.3579844992047,37.61012670395895,8.512016696107347,BenignTraffic
56.86926531658983,88,1,25.49703553175958,233.1843679090569,497.4546966643642,79.05271751584151,8,4,2,0,2,5894.438600509682,53.76361012926292,637.2814411683729,166.25650056256592,267.4064155532469,17736.91201426948,0.11192388810083567,97.76507912725273,15.010553345857803,42.741703604023684,231.35345922256658,161.72277390359656,6.025529046958063,BenignTraffic
20.866904202210822,69,1,52.2208316589577,705.91400656889,274.9636550030597,193.44139217462856,27,2,3,0,1,2638.4889742195237,53.09818670869074,1460.91106966438,548.3379928199447,116.67670143616294,43855.68393065513,0.44332219190503264,28.886256092977973,81.77656660262974,24.285407567080647,484.6588106043911,172.74795733308082,1.2798515974875042,BenignTraffic
52.11881274363297,95,1,34.33108346327945,62.275920863842806,48.65984337598599,210.16250919197495,30,3,3,0,1,9346.38194403074,43.281590474576056,322.82271759136177,581.5994486796154,51.41899204119595,28629.48456269656,0.2539995641487505,48.5863411182026,23.86554875745832,37.6963594621904,51.08440182219571,101.59776857099571,5.152610717430185,BenignTraffic
47.88071765424508,77,17,53.27127438374728,491.7316856213156,305.40428408058034,378.1457017817632,33,3,2,1,1,1397.4804449624746,41.06020268772603,595.815875463293,183.40984659547144,211.80565656686065,26305.772753238252,0.90932314408504,45.35155001221795,66.26314825600187,27.952710284486464,180.05304271735073,158.81207683993674,5.164839468045757,BenignTraffic
73.94042675646075,90,6,12.661577029484219,603.3752760063045,80.03422497059057,15.23232760149271,14,5,1,0,0,7994.204143287008,46.166094558986906,687.2740791257477,716.3999663933637,57.727661966915825,36621.91805689312,0.10265277397251472,12.957172720825294,40.477894430307686,32.98831808589394,215.34659473146607,37.571039741504975,5.8941864532414705,BenignTraffic
76.24772873903049,96,1,13.358193916545812,606.1241876119562,20.314134142014275,138.16472516516367,47,9,0,0,3,5128.692049873442,50.33184876541799,646.9709519413283,381.4308837341944,228.5673495074672,29411.877675773427,0.05010347609598567,43.18541260424717,21.38322310221785,22.79104298876224,18.29145829782213,103.49485544177276,7.0386301093919705,BenignTraffic
5.5319507716681375,41,17,14.439881967735348,32.70348315536161,485.5173660702378,261.2101691511834,24,0,1,0,0,7528.274680617565,65.85902373089219,1032.1631587126076,157.1344306939428,290.7525485577738,8963.266593098651,0.006308854985707185,29.467792185671563,47.30328813289239,39.56930455133708,188.8290219574303,84.84941029121109,1.173865631809064,BenignTraffic
45.0160524937139,54,17,93.98799721349148,328.8869241868937,387.90175130960915,138.07913751415745,35,3,4,0,3,3176.0817502833297,70.63121567793068,401.71800056687636,623.1886985520466,236.0703319506259,34035.68352038156,0.3287416148011721,16.871726665326506,11.332797501936263,24.133522260814626,144.11785941469284,126.15030354008546,5.518113619597754,BenignTraffic
75.14060389413694,50,17,73.31660194230004,640.1257445386625,490.1539512448146,316.07485347240447,7,9,3,1,1,5193.447062889184,48.435515090401935,409.50017393958854,642.4808750125796,16.510282045084157,7539.975084824295,0.6607264513626877,28.93340281957779,85.69404842613042,25.585774096361984,257.9577724114656,18.450665872600396,6.294769924425316,BenignTraffic
60.42603740375252,47,1,16.32195127676586,13893.047238282184,241.54983177101002,243.52440224093522,8,387,4,1,2,8582.669962259446,65.48700049145117,1120.8953279011944,529.4716044990931,183.96687853530466,40487.02756136904,0.7306833391289109,24.091917435372807,56.21481652076715,28.295540070393074,174.84116811980192,152.9033392672392,4.090180477744468,Mirai-greeth_flood
102.79313195847983,65,6,18.916073468183587,698.4614918447727,268.46747791874316,184.0465761554924,36,9,3,0,4,4722.0931813187335,60.50493053955564,800.4067261494515,690.0991649019148,211.66909458122004,49497.093287901276,0.4538084216983414,73.67327956958192,22.524400981716564,42.43208532736926,365.829246123766,25.0345650001899,7.015287039313898,BenignTraffic
79.0773664311115,90,1,73.10986453960055,748.4659567255378,88.32679317996946,474.85827030090354,47,0,3,0,4,3661.226632911669,51.00541860987736,681.2179464802346,603.0297290230035,249.3829144809227,19491.99362376404,0.6846443218048114,4.046742647656849,31.328228655008623,34.67205178706592,259.8669227497478,134.7295883307313,3.05359945416254,BenignTraffic
19.63583780706342,84,1,15.700768094738176,982.1494985416838,127.21917620045487,317.9189520972964,44,8,4,1,1,5407.938323902087,40.410444888901814,336.88427234815254,711.6543029202429,26.240669592310045,22793.039011898614,0.36055412217914806,62.12881204340891,50.3177672924674,20.71221739545874,73.58349441316955,13.506872852589403,3.8563509976070645,BenignTraffic
8.561192813311537,83,6,23.532673204149386,217.74357490784533,420.08186137689995,69.32097927263091,38,3,4,1,0,7201.891255060032,68.0210719913045,362.53811207703325,375.4160363641096,149.23127010616304,3275.249118657803,0.6681384137666303,76.30547286033703,26.99824445339938,35.16438352916943,377.53004883073015,168.0587321137786,9.664798126818933,BenignTraffic
77.12607145693724,44,6,96.33834859875786,826.8793609894541,181.31189532320911,282.24539023448074,31,6,1,1,2,4491.2771204351775,81.13910495591196,114.77229154226076,610.6978460745819,165.25755306513435,1672.9262160463359,0.041555389317071034,48.591622190428346,34.173924535097726,33.909195785385975,58.62215908051154,43.19292974251845,4.132633337750261,BenignTraffic
3.2787061339404557,45,6,25.605121820370346,5521.850577967611,414.2734120292274,391.462267334446,16,498,4,0,3,9394.882053908503,53.57664004862842,227.99677640639294,799.8136725717833,59.046210166811626,46149.54740894005,0.39136223158243716,93.22493302078392,58.094700781173685,46.8958674145867,421.1340923588851,107.94452043562819,4.118507986291705,Mirai-greeth_flood
70.33449219468825,65,17,66.19707180207756,7611.268473614558,355.96179352208077,355.7024002589347,34,363,1,1,1,3019.9636580191864,47.90840979380076,879.5741725663374,593.6983981397144,103.5104448160884,7302.57896152041,0.7910588279555459,71.080188828417,84.93481117345469,42.86373962114075,466.3968751022475,59.68365170824768,6.361125722408037,Mirai-greeth_flood
112.83360594685242,93,6,97.86526561131299,9298.563691112122,92.69960800957342,90.1841685011534,36,463,1,0,2,4807.089701074292,93.2225646668177,1348.6223820117739,135.63783517784913,137.6643006142879,22843.158630414047,0.8032030244285423,75.04444147983031,46.16557171209287,34.13511156880617,167.9981921905784,147.302968391603,9.738777968740541,Mirai-greeth_flood
69.09935392731788,43,1,37.49224703726529,14097.18311907776,256.18595122927235,486.34789952485113,18,492,1,0,2,7593.583827480271,56.501486349267864,502.0306711827804,438.7390418218872,251.63080950776242,40952.37656892251,0.7164326300968189,20.496415256646156,74.52777461981934,20.36781998078196,463.80989029883614,71.05670903604704,9.847724013577004,Mirai-greeth_flood
46.64157415216198,58,6,1.8498474871200177,243.49902315225023,340.30672415176485,227.16275464456996,43,7,3,1,3,6922.2987959080065,53.41675718755989,558.8461162545793,490.510843432271,279.52819416036,44576.619236487655,0.20503438194929455,77.95226200806827,88.90157921145835,40.080940198757126,398.57399797004376,147.67574678178028,6.216921673086844,BenignTraffic
77.23025739123814,59,1,24.490314313195192,377.7077818543153,121.34342132789342,83.71737685142934,28,0,3,0,2,8650.046418929845,91.42581637659495,261.84785485611707,180.65800630354323,192.24262038612514,26450.486578889915,0.2479579138117026,83.37737887222838,29.46708462665458,30.884373187826043,461.99344939184726,64.12552929874053,1.0097831782443927,BenignTraffic
55.04452156993285,72,17,83.10463141503638,71.91680462839474,416.19081270743806,94.19689829343322,6,9,4,1,0,9968.410888742977,89.02642595000567,644.0833238499439,772.1687256335282,124.53410394622401,28686.59372382154,0.9960926385372477,36.76537245219297,82.6472773361944,49.33714946454057,336.47236709121535,152.96988727779438,9.105908956915597,BenignTraffic
65.5194530389806,59,1,86.47442271190816,803.3532466613239,274.68969048486747,53.62632113359484,27,1,3,0,0,4325.8974550713865,66.90078823147802,152.11038639706084,181.68483322596222,83.66899516170592,33814.51465070035,0.10427462919475793,22.12294373526415,78.16619784979247,16.137775785641182,125.46557931649672,15.815044304011804,6.132141681193433,BenignTraffic
112.98163057230536,88,1,76.87508451592674,768.9226387319269,86.79481496908859,402.7414636752925,8,7,4,1,0,1200.3937098547872,69.35433168566647,1384.6409747666603,183.16843978491707,294.8192034864836,48107.74103704205,0.18148203620350697,39.12001724115805,42.12435681533215,8.584512841889913,448.31638608637655,63.829153721031204,4.293967674609423,BenignTraffic
46.39370627231283,51,6,11.399670925749646,736.2796717418894,293.57729095147823,65.40509468931508,27,0,3,0,2,401.11721999888294,53.064922290041316,1042.35588737434,736.3753534809163,295.07579944214393,30530.828086280748,0.13089622939448245,74.22118893101357,99.05679635507803,8.145131534957645,100.28988732366443,104.740366223653,8.462756269143444,BenignTraffic
115.34674860248731,86,6,79.57148613247067,9293.200428541766,499.85833305717745,66.93700228516474,5,344,0,0,0,7296.081370783739,44.69810022877345,1487.0483331505063,398.9040748412533,278.2433149881601,28414.287713360965,0.32832730871993193,42.34626158100157,33.631513429236136,33.801367475825614,114.3996699985924,18.56132056474784,4.598492134151845,Mirai-greeth_flood
108.65154197053204,40,1,91.87591191965107,9702.489856599761,79.50813837338971,425.98344930661466,28,399,0,1,3,8752.735345956286,74.40590952133967,1335.9524277498913,97.39120945588715,237.84405346456757,1712.1726280335433,0.21096565939868944,73.92853564725401,32.932293942852596,47.26671030101857,142.82086516877823,45.346471660542946,1.306400555802382,Mirai-greeth_flood
23.575357061236645,65,6,60.100893300368995,641.1777318255274,409.2946804091664,175.579021801542,16,1,4,1,2,2285.054600849745,45.90069529541279,762.1868311774138,498.64062495389646,104.47606768622929,4966.535399095448,0.4981902715882243,12.242889556776227,79.5033248187878,5.086936143117733,159.08069262842648,187.5620265118286,8.389650007513168,BenignTraffic
8.416419974932339,53,17,94.09344809817267,14886.755431457941,107.61795657784118,20.27466263249586,15,446,3,1,4,1668.635568180069,66.95647281739899,827.5590436105276,501.3697614747859,246.9301402143129,29281.409704575817,0.47654468617323975,80.79515933835995,49.11915862459758,37.65969711309998,262.09502464420495,195.59851038423596,5.9127346091778605,Mirai-greeth_flood
12.183282365153456,77,17,82.70120448281655,186.46994223559517,392.2822230827432,30.688173261613382,22,5,3,1,2,715.8304061043407,96.42983191078065,366.8064651240714,98.37556901492135,128.54997500864005,46875.779002552954,0.9016041138318518,26.067540682593382,39.771549530293896,34.56793321398254,359.59410661268157,150.55249000419226,4.043291844017766,BenignTraffic
2.2847968956208127,76,6,66.73045454739163,689.0521583393651,368.6160719450996,75.3743711184283,30,8,1,0,3,8244.758925000344,97.17006335023507,746.8550799753779,779.3918717252465,104.7641984649631,43467.876071570354,0.0357052074973367,25.643969783744776,26.079652480519265,37.953688649875964,463.842005456335,57.91800961721344,3.2580313871846607,BenignTraffic
11.423710994635815,50,17,57.760805147503646,991.2151675030906,153.74224587221403,110.62970724796632,2,7,2,1,4,3182.681204936585,54.359937192841514,1364.2390228899362,458.0224739709317,226.01095395522105,49146.36722661803,0.3205596970910956,59.447715555182214,78.87991878410897,20.9932433043051,53.334417794396195,59.49831463283411,6.34417713473883,BenignTraffic
81.99251213262119,75,6,34.922509357472855,749.7473918646173,166.28244319440265,334.24736614801066,20,7,4,1,2,4076.7992383217875,77.44680520273926,171.19479309014957,469.8467916348232,33.09963900992264,26863.867840502426,0.597061234105093,7.941686528951976,80.76896255224693,41.92234000960348,477.6409874918356,132.70016798106383,2.872445934025901,BenignTraffic
8.635518950381456,52,1,16.012815779756234,742.5865228187556,397.29808902164496,82.87650860090498,25,6,2,0,0,5077.226896935162,68.44457584647145,1308.9795241976335,440.0865608767959,24.08318975574189,39608.615983450574,0.6051969600821199,3.603474941782188,60.99076029071264,7.0118119138487875,461.44825387743856,32.34392715375334,3.914657979013029,BenignTraffic
38.345178072221984,82,1,60.534896876785034,950.8096254012858,233.41552838421975,63.842823632650635,35,8,2,1,1,8410.587018674552,92.54110765516636,577.3269222996537,508.048834733465,139.9065721825438,42179.61624297768,0.480646102785195,26.841837864051477,96.15822518722356,38.99439952799124,36.45965316870908,190.17878228176966,6.7287727847258525,BenignTraffic
101.4005497852376,42,17,31.879344206450142,13925.423625318948,366.7549242123454,383.5359750307582,41,403,4,1,1,6543.248893458701,56.2858518565632,1359.3178711348337,248.2248145803162,139.23525223842694,32753.551209212226,0.8158498752738191,54.26868752274745,38.634694338038884,17.018237360708948,186.55735746886572,52.71445090693507,8.933900053653389,Mirai-greeth_flood
2.8903050947255218,72,6,86.65722288601178,569.894465272226,78.2521529460882,337.17236551065764,36,2,3,0,0,6189.139835592332,40.22214440994501,1417.2318688780786,265.4310109811306,269.73680438851216,17598.745306510853,0.06365944924304434,90.8540222362975,29.765714093140346,26.45769986861322,408.4402612466749,199.93076883083432,5.796012955524389,BenignTraffic
97.7547710624134,45,6,99.33436004212699,979.8502478835446,427.016102041269,220.48548962034192,21,9,4,1,1,1839.153789563516,49.7536723558849,1039.2108418026683,433.5043173470996,46.58439792346687,24028.943298231927,0.8156722778145558,84.79708245442339,70.97200920410157,42.01863222007492,309.67250728490654,104.18942110746748,7.831957584691833,BenignTraffic
33.894387495330655,89,17,75.2675334852957,173.64116986047281,356.887934757748,276.90833688265144,41,7,2,1,1,5180.579927927314,60.971368070163884,1030.193301229749,655.0143910726847,45.75233896119971,43037.93653993482,0.4952594861952679,49.55419953217657,78.25677767197342,17.211156583601166,391.7560322570675,156.5716979086579,7.8675454338673765,BenignTraffic
14.267962831836586,95,1,9.13912135917637,703.2494398500758,453.9366903732428,159.43209006157716,11,5,3,1,0,7182.272070068687,58.94326778622931,733.8560727922361,87.39843237063414,52.76125413772134,15628.848373126033,0.13462693438192516,4.668147375655784,30.241537349664014,13.334338023975207,362.32633600704486,10.414977956055875,6.9791855739344815,BenignTraffic
83.63878612716167,49,17,28.93969099351075,12163.690551140437,70.52432762231136,243.83770801650354,41,243,0,1,0,9735.282742001868,87.48177514737316,1269.7563143611906,502.55315916518447,18.623515775434754,46263.413432065776,0.8858162116269372,53.9900207283016,16.89496878350019,35.65909334065479,253.41735543231016,178.86181690281197,3.212545039124659,Mirai-greeth_flood
75.5102473289081,44,1,11.000052213398398,590.6143012668199,298.5421776784958,255.80296124645915,12,8,4,1,2,2093.922461212187,80.83363996833026,1446.2578618065966,655.0836068797355,30.80220396632343,12260.51072971059,0.6495795507614225,70.77476439260425,82.94648379277348,29.002770117806204,30.196842516332772,61.300388508310284,8.801097383352177,BenignTraffic
105.30889442189365,62,6,65.0861136143924,700.6939212448743,301.56468959496095,196.68244923315748,10,9,4,1,2,194.47919536554377,57.973379176893836,1185.114520474767,167.68795402792037,201.36226138042133,37726.304342682255,0.16438214113731514,34.57728871997834,97.88517762814112,28.1481740935783,296.2914190116055,136.9079814641324,4.926480900756099,BenignTraffic
88.2350181520859,49,1,76.54256736912289,12148.55974200409,179.9630665706573,453.7532442827206,15,191,3,0,0,845.4841926248505,67.4646290299728,970.7114272593928,61.26690648542472,135.15945544407768,31897.40248294118,0.034616073675627586,11.995267024883816,68.02050574650559,16.554628199206093,33.79765999905503,163.20750335078202,1.3978966954213052,Mirai-greeth_flood
96.43736355314334,83,17,92.5749156049831,784.7561204528246,231.94088016178262,12.950623165598042,7,7,0,1,3,3820.9394053015944,45.733546237500114,949.5100541498715,284.5349713560936,231.44488945552396,37730.37261491735,0.14196853868431664,28.57822736736028,35.00802101295047,6.569613761901245,305.82609159221414,41.18807070621039,3.2015140306257264,BenignTraffic
33.915945251299654,41,6,43.87341740655757,65.5747423820479,23.800873828477467,392.17477523016686,39,9,0,0,1,8223.392012685272,93.88878668920604,1289.2578622171272,491.1077800471986,297.8533383886815,22430.031049197147,0.6091891622202131,77.38729758231358,99.70053476975129,23.46211122492726,402.2013226219023,94.0768014525535,7.889935186893842,BenignTraffic
21.375001299188767,52,17,90.14742739388558,854.2007396769541,374.20071912037093,66.56950146445554,39,2,3,0,2,170.70660950562595,96.12548946691206,857.6852720798177,153.7123800535608,201.12005751871038,46699.41206514525,0.1801169390247884,35.77313939604951,90.39399726403697,9.79517662104956,296.6459568639401,103.82882872386544,1.6222000223574042,BenignTraffic
90.09870872173892,79,17,87.80132678822862,233.28591662647528,276.9146273045711,399.7859434659137,44,2,1,0,1,4621.6328695698185,98.7882121228563,1225.4038407483517,369.59177822936414,24.632115479835882,31991.137918162392,0.22653731180015307,81.3861675778853,56.20425816522645,45.7695117792141,498.5406842352316,69.30269841444886,2.326279619394201,BenignTraffic
96.83948523814496,41,1,31.787852104863322,11234.31793443361,33.58182067524102,309.876398259977,1,124,4,0,4,3359.3830918798058,92.11316984715026,812.4393572439441,464.2411230307085,40.32323077875904,15126.494423158558,0.026114586030557867,32.6326237289401,84.27891563576503,6.856264556227874,233.3745850884122,101.53360764850648,7.2480413443753395,Mirai-greeth_flood
118.86156652588073,59,17,86.90317249150304,467.11548547625836,341.97416701544034,422.4226550135192,29,4,4,1,0,619.568929987303,50.437653261773534,187.4219849634938,499.1623210679879,265.49118459626527,32284.29846195504,0.723207741566365,17.191948802967996,83.42384709366702,24.424288438297165,376.92545716595384,70.33367495451424,9.033407107547864,BenignTraffic
49.57285946168004,40,1,37.62965796298448,486.096940745539,236.057128229438,53.26959119224424,29,2,2,1,3,4557.339238058911,42.77178899209773,637.5258124658174,255.80879075028136,162.97382392189584,15053.971613144528,0.8105540353596776,44.14898759184722,94.13190727061496,7.3510512665372545,336.93451295353464,78.54207156048976,6.703588045518732,BenignTraffic
44.704968486554705,76,6,29.757240528572055,440.8285952628032,22.058323415375,281.6954138793882,11,9,3,1,4,2622.0122026335166,74.77580364476043,722.2173407400982,350.02222698971855,249.2027762247646,15387.987196233837,0.797051328595351,45.775176716624756,85.6831459396114,9.299474355414485,495.8015288634631,137.1729239535204,3.0006194844659912,BenignTraffic
93.19191399296542,48,1,64.94255841355987,937.9797612737058,484.9558247898072,253.03850072978756,9,0,2,0,4,3583.659860035364,94.75630161298662,298.26414298126406,633.754421800669,258.41757750522856,20580.32706942253,0.12844058321291996,2.5947136363843604,67.93113123614481,34.64900001149099,359.4773124877815,130.19272097794945,1.4807238692459375,BenignTraffic
40.962344476336845,56,6,32.9052846657196,708.9588175873844,474.810510829273,354.56562556686254,43,2,2,1,4,7085.591517364501,50.641081699584575,243.49486086489793,755.9110205905141,279.0256170348606,42769.09046088683,0.9033978262613706,12.587462197926287,64.83733470608567,34.12000674383425,90.37505841510081,54.1304879015298,6.536139242952806,BenignTraffic
111.6978033398674,48,1,63.05785395808151,634.8589394971393,258.88669599286277,269.47382318736953,10,8,0,1,0,5263.354740718574,40.42257487744851,849.6509295197358,696.4102483386929,285.45046959104604,25514.59584530561,0.672606550644606,19.307675858508926,52.06215594984506,6.4873487695747905,478.203676144448,180.52174811113068,1.426587201380476,BenignTraffic
103.02368894597711,50,17,61.02219736931959,59.34360750511214,51.36784824942555,272.6636107308866,14,4,4,1,2,1334.009547028852,88.32976276193466,219.20109117851501,473.2126263000739,170.8994809859588,34266.14126928016,0.8976310937544876,12.245144420488813,66.38370759736816,5.050916380439158,337.21084095842303,173.92982367756423,6.514498467475813,BenignTraffic
51.5363838822647,54,1,56.38754884211104,904.8741969577709,378.53750469130296,217.64999207015202,15,9,2,0,0,9618.003950194026,44.60774105720404,524.1232350461175,357.7196022079599,108.89584995424983,20206.41927344869,0.44771334402613294,34.81108146671502,81.56949278773445,8.54681347592528,39.07573309513104,106.7258282710908,3.0302194974498553,BenignTraffic
90.12944102820053,63,1,38.10392845285649,910.2962900883123,248.5058945523359,157.8730398836337,16,1,0,0,2,6395.51658052641,64.82236191460183,1142.4357663483063,299.7174607785637,288.9408135609196,13916.666550537191,0.43751790622261405,96.49766270608478,97.2133863672298,39.334950397037396,332.2084698344601,92.31764111219258,9.141904561679468,BenignTraffic
90.56969060275341,77,6,54.895122192982534,782.4109327958013,154.71150175324306,243.72085881983514,25,6,3,1,4,7682.097414059062,80.7332402313271,1450.205051395173,143.71742456301354,168.74785774035533,47777.36787509534,0.7847519821662103,51.41303129438072,52.05586223639081,31.305941273817822,442.7285092706398,81.60263676698068,5.2758340163862565,BenignTraffic
12.46455187342832,94,17,59.68889895104362,16.958911775482964,248.25199787663558,63.65371759035829,1,1,2,0,4,884.210185082871,54.207855127370806,1105.0188127727,129.91343541208474,28.633289656837203,30575.48110903007,0.09420455762126678,63.128046363194,61.62878826898814,6.715321033482122,292.7505123751123,144.38090454662344,3.015445899787261,BenignTraffic
108.31609351088004,74,1,54.6141201606978,66.70744856684712,263.6098519757049,480.94910279662696,49,3,4,0,3,565.8779566541871,45.0377538068036,1489.6757678340182,566.2682186852433,196.40519951736084,46763.61559055319,0.5213531625982508,36.28226137377979,50.032494555290356,26.96436571427723,183.46962263568548,137.6165508697994,8.678307849027323,BenignTraffic
60.679759456498076,69,17,44.49750332984504,232.97146524580486,283.5422910160579,358.63332799516616,11,6,2,1,2,292.53569864400356,86.20127370734971,1077.6731597911637,244.84581212837028,180.42857761455312,10967.237107717438,0.8365478513955944,33.025288402671464,70.16397588850636,37.04132106745031,412.24572069460186,47.27431531821595,3.286318586027575,BenignTraffic
99.19225018631822,70,1,1.5652389989217548,140.03591406345762,223.40573825938662,476.4712227604842,25,3,3,0,4,1969.0608749571002,77.81050509322249,511.3122589160585,240.9962648243351,269.77993313946473,8197.814031733706,0.8303623705065017,3.2915304195858273,66.69284536551336,44.10281275703628,393.4308840208564,137.57702594706865,3.7593916887238796,BenignTraffic
38.47394716357035,88,1,58.74746459934499,404.84766940669215,304.84887505383307,117.23005425333182,22,6,2,0,1,4202.643137413102,99.30942906920828,1040.8735567075066,798.6462908583393,199.42428485576562,42935.322449071275,0.9561767234860267,50.533031911926216,11.605041117426097,47.03164207965547,276.64925557333737,57.96192687938759,8.508501091499102,BenignTraffic
107.47323509669444,44,17,16.927594075757696,923.3968275069118,459.7736817501568,440.27380498738137,17,6,4,1,3,9364.678720687945,60.65848199919756,1083.0194712756654,190.94446840534656,111.2252030938499,34364.94341824532,0.698574320937016,48.87729166841496,58.70454031905926,19.734825332933,85.63726724899117,13.526083939469856,3.7791282682053637,BenignTraffic
46.76528128022616,99,1,64.29333929782423,13707.263066521955,184.32270311380262,405.35104235895153,31,296,0,0,0,4624.890626731185,43.70574317741198,620.4177784630448,161.04481961662225,290.2054604546879,10142.346463428426,0.20856285881028863,16.625241891931182,17.963820612911263,11.112459278596956,132.98337790635887,142.84964873210163,4.691473923075736,Mirai-greeth_flood
1.3994344124877736,83,17,75.95849835949431,23.268600167843953,364.2296492938748,340.19044416654845,48,5,4,0,3,2973.525543188041,84.06100212011773,124.79939085314462,124.01392081994047,242.46965093478974,14198.62533251335,0.02126003457968624,76.66807602046366,12.374525620498451,15.661666432915137,371.8571463711918,132.5107844675424,4.128991036829799,BenignTraffic
108.65529897266971,89,1,50.09448638216108,289.9182326829744,447.75401562799493,314.38944711217687,37,8,0,0,1,5663.159009844667,71.30400513119474,1084.4796986856818,484.8540088750971,192.82110933059275,40232.533134740246,0.47993638282847484,49.77475870078929,81.20774458762284,39.92771714181007,404.9802610435145,88.05375985112488,2.0476028604733827,BenignTraffic
11.045272546657413,53,6,54.28213013147586,54.148959289231925,230.70974150116876,161.69208430759565,46,1,1,0,2,1208.1523235344134,52.792235883348106,130.38013338575826,520.8978695015761,94.94830898690564,23239.562379800867,0.514190161756933,34.560403045995756,33.27848759433705,48.71678967690398,146.83998624008498,109.88035062470617,1.3500623102214353,BenignTraffic
38.385705147090746,92,17,95.15270811063252,45.924746387367136,224.51063900904254,409.1233385576902,2,2,4,0,0,6134.108320949334,86.90373934028557,983.6633092840996,323.92094469266146,118.3266859311457,33856.48481879845,0.2410223219144325,15.543981993269771,40.65895695585694,25.987712781217123,190.31268782152546,189.96214642409433,7.520866066548832,BenignTraffic
114.01242984939151,95,1,84.73201940112016,282.96265456459673,303.0479077506159,253.25015343246824,37,9,4,0,0,5727.476347871982,52.22532915099663,329.0630842395771,451.5600016336008,204.29127798803043,16599.24908466453,0.12557274967647958,55.66392187013023,15.76761288436596,18.74089460965054,48.03962377239962,123.08803437203316,6.806234115421486,BenignTraffic
114.07779691781298,50,1,91.43222794355185,282.856215292156,297.7463459141316,40.09133006618625,2,4,3,0,2,7940.731030716526,55.63969928997619,891.8449388472607,641.2996482086844,30.874437354363298,19680.26768596896,0.5866219580243185,75.52888558279217,26.155023444491558,24.31357618820155,359.5963546995849,134.99794771394096,3.5412946079685144,BenignTraffic
68.855202785982,48,6,81.39525220312669,789.255336575588,404.2617244515071,159.86726462328934,29,8,2,0,3,9868.207355008539,45.55171326200315,805.47823553284,663.5781262413112,84.4373715785764,49544.915372532145,0.7644914183501171,28.917935915812194,78.90443364320132,18.71659150903096,11.75299685401536,22.143150980336806,3.6603921248639066,BenignTraffic
75.85728173915894,73,17,10.980942350488471,975.0863062533008,240.8592749702549,467.9720637799372,0,3,0,1,4,2583.647369989494,63.965936741851266,118.9190992286556,768.4340567867362,217.03127068501342,13133.237271561207,0.9931609494865704,22.660640806095532,54.41777472093588,16.541938544321944,32.80534539734336,41.538947528273795,9.505052047078133,BenignTraffic
53.868618085200545,51,1,14.984286411422453,377.4950229510983,498.0808600715234,426.0867289993989,29,0,0,1,3,5145.59886295723,65.13575343624514,608.0121437931448,668.2009894421559,149.20536785494005,25816.362474789188,0.758544314593308,52.67156144239312,89.26016162951336,31.71878385832308,12.128593214204056,67.18093251820176,9.88904014510143,BenignTraffic
35.25597152659794,74,6,52.70971734716907,434.5980100724282,34.43842658930399,491.0433205478869,44,3,3,1,1,9097.767522558135,70.8737074208979,941.5276343548238,473.6310775380699,126.69413379618473,42375.714816336076,0.7938387818413254,16.378986948491676,45.751791832015165,5.708119116809498,326.2065958354322,112.48207042534719,5.2609141291032415,BenignTraffic
39.50687898985293,74,1,24.682358913920027,846.3415419231612,6.56808504744736,315.85672438902856,31,5,3,1,4,7873.379855786129,82.53785602742664,1288.0491726582916,184.7427243776345,53.9227104961202,12721.93746962704,0.6168444173505687,66.9947252728342,34.18306621788414,16.679851189924467,214.5196925732678,157.55227023683102,8.222065709333442,BenignTraffic
80.73496288363691,40,17,47.721877956611806,275.45762989455824,321.8981642220138,127.51748620450392,27,4,2,0,3,4925.322400697995,94.36605572082556,1344.0989593711242,124.8226682771318,138.13621999854246,21345.474077532203,0.9859367363110477,60.92901916647882,41.28398330127858,34.762193503024506,155.7979130582318,71.03576677983153,7.630172882824288,BenignTraffic
90.30970607957784,79,1,39.49709584945319,11159.320070866688,152.72528161912896,85.59344959004757,20,244,2,1,2,9459.1793311863,48.26404593326852,777.3899580465126,90.8839174331444,233.50067152046782,31139.47308112943,0.6403164287294558,9.621122909551433,74.1494614165214,6.442821333806226,457.2234950749841,77.71266179096705,3.6758593856084225,Mirai-greeth_flood
95.01032734272924,61,1,54.9864824192023,8567.962556549346,123.98928240624448,97.52264810118851,45,169,4,1,1,666.6432658164128,43.260885900919426,1119.7914822192133,549.8943738390378,86.56372536084898,24578.219422280024,0.8603930331133046,4.615517558756013,59.95051051010375,8.744081742902075,104.47336939153726,58.66866818301228,1.527064394684305,Mirai-greeth_flood
94.77521532106701,99,1,74.71288404196869,56.03558057566484,159.39004460211882,14.798850881890921,12,5,1,0,1,9316.886335154582,41.11187401566,543.0364071468407,655.6521915484948,11.565577233266449,23515.611061945554,0.9458388615947148,62.408576606269904,91.3772086797185,18.202826515360314,200.79032508688627,58.37577256610812,2.28300631421446,BenignTraffic
11.035611755537975,68,1,71.57754161921751,623.5024457974215,131.7435447269524,198.3876449380399,26,9,2,0,1,600.0231845897848,48.61728268412897,579.0609680621204,431.5129630130593,203.866421333785,18762.976834784058,0.9299286420000604,30.13508362488534,64.1951892449995,44.50121593740432,470.75278245459833,190.28413072001135,8.54464705300687,BenignTraffic
59.38099453383952,47,6,52.1712898352849,12259.687793283472,20.241074581921687,99.75670184727355,35,384,3,0,4,5518.316966735375,79.47696914689756,372.24892685523923,91.03563112522995,292.06171528544024,29745.67006097133,0.3820339284395732,9.558129564166455,54.371638763335284,39.419877207438326,219.2822157901508,130.73686412758912,7.58092437996653,Mirai-greeth_flood
7.00129532599565,50,6,82.2571025398241,352.4612430266773,485.9088559833414,208.76945292606771,6,3,2,0,0,8915.365385210749,83.6486246797898,886.727353990535,451.6029309435036,185.97970344068904,31594.262198256904,0.07958339625594439,76.18344179069217,80.71774514980596,5.997048323730959,281.7999059670583,39.6212362725899,6.979013600160501,BenignTraffic
65.98851299061589,80,17,43.143122944649534,322.0376258863854,114.26901678412696,467.8222437601889,21,8,0,0,4,2700.937341256898,87.19034281168733,540.3898112983113,751.8119461434128,44.77733908886774,33011.187504166766,0.1727018288367076,32.09035629874677,95.27804656601006,27.577076750982133,49.36506461904891,147.22722983600937,2.175839485269835,BenignTraffic
53.039507114667906,76,6,89.68175755502823,12074.547917329015,368.3447324817066,218.11740370605904,9,131,1,1,3,4775.260139557069,54.62249271426056,218.11925501390704,498.20989319934534,103.01259677995519,4448.037287395437,0.060164082091210866,46.500355414184135,42.02613201204735,17.360937229433752,397.18152957779654,147.18401723840552,6.759376187054722,Mirai-greeth_flood
106.53573151272015,53,6,7.220898978510874,95.56036465492102,382.48521537361677,439.6023260074932,38,7,4,0,0,3310.8559034559694,58.3536887956912,1059.0085213284501,657.0706163471111,261.61606826886475,31920.674609890397,0.1062915378943109,24.444479817923156,32.48885891489299,34.18905465779284,217.15180077323672,136.62933725020395,7.9493709834380395,BenignTraffic
42.17471000499424,99,17,95.47053700032741,244.41646621827152,464.9824120135785,304.7248594748589,14,8,0,1,3,9526.22477905588,68.98807873392997,1090.8544906475574,650.114486293813,77.44474153448029,47708.62176028041,0.18546659464780393,63.104390757438495,65.45956566647253,37.469924716705755,402.2524110532569,35.596884567226084,8.745415748742616,BenignTraffic
14.136335269669944,69,6,65.50383883499168,735.1242445197089,20.121981261223084,127.330119557389,14,9,0,1,0,8254.0913880556,43.79098581161359,603.9893862906811,749.0968248354897,186.23181201430634,27508.3255408761,0.34175322227081434,30.847353120081586,54.89855390384929,43.828815970817715,134.36084485243614,87.51838185922152,1.119081512742564,BenignTraffic
17.24470267813502,74,6,38.06944344282681,552.8373778891599,436.6639275312688,181.14810583330964,3,4,1,0,4,7119.114962131158,76.66849139267477,207.41275923843193,627.671574237405,126.77465039365937,36048.08704295297,0.5439961069285008,96.83407516153521,99.0267017378305,26.393730669680643,217.01458777509092,30.283702793938495,7.1602759169063,BenignTraffic
91.40512474292493,60,17,19.79569724463045,10634.70473812852,265.9769595157011,46.54017023160756,31,112,4,1,1,5917.507167489576,99.02410202054546,696.8168043647963,610.7753855098172,70.27467921169821,28279.88308020167,0.7119703772957309,70.59180731307374,51.612560573296,49.7502539845513,395.4089788188551,165.15789577750593,1.17187890042884,Mirai-greeth_flood
74.2243457916197,76,17,47.97040462141564,883.3142581392395,318.1093344330848,170.0639838300252,22,0,3,1,2,8223.858714309066,61.64837868268015,719.2696412703017,225.57699872798042,245.8879991337571,42882.29031100695,0.21171640877040543,14.535505360973113,16.689839622431126,49.09937482791992,487.20010585138346,134.48270720380467,7.361855609890947,BenignTraffic
12.224608867122551,44,17,19.53637648621157,14095.173164450527,324.01278717491164,340.38276802424934,5,282,4,0,1,3983.443711083116,85.17084850548304,1036.1392388570503,94.94386649081108,225.42107017505018,46549.57163528088,0.6728498818339013,42.25278912767321,97.96321546998723,44.69750260119649,39.21650694976175,106.36874798588549,6.7205922825880435,Mirai-greeth_flood
10.184406053188193,58,1,16.716527613539903,829.5896915689511,410.79991346744015,40.69499100007042,23,3,2,1,4,4530.763365550012,70.00203493417648,541.5829477621569,438.19959879035576,201.86140912818698,10026.775065521606,0.7045548154279172,39.15668887325798,85.9228251034186,30.869127282113187,408.1035269352631,75.17294053511336,2.3351307662707526,BenignTraffic
84.14619886194849,98,1,61.77344056555613,789.8358853724316,170.0366244687597,106.67369719662453,19,1,0,1,0,7327.017038700528,47.66871066162297,1055.6389916938276,143.3256559600664,78.53761117793785,22406.141791299204,0.5590637145293232,53.89046396131793,26.0425129562167,22.91028968767168,157.337643137284,45.00740015394235,7.895095762106172,BenignTraffic
8.824284463066803,53,17,52.35616398572029,13864.450113972573,367.8603389806967,193.81331549958918,36,227,2,1,1,3641.772156607771,74.93424692815518,1320.0839584603436,771.6469072084935,38.378530787770515,20226.722945703343,0.9037142519289119,84.35113677344607,91.41447278015823,21.397383956290323,279.86420763662534,30.2250418782905,1.6151285637072204,Mirai-greeth_flood
98.6410211089137,65,17,67.04259385763308,499.53631998214206,266.64616431248754,491.11452082290145,19,2,3,0,4,732.6193262789009,57.9924561066439,432.48045930707974,267.44357197477143,177.0862056495302,20855.541041664655,0.11188381910788885,58.758779503117175,40.66001387395701,5.545613753948517,152.1452098258665,194.1557154320109,8.437588963701701,BenignTraffic
84.77844303606389,43,17,92.96762715445672,979.7553319779394,397.73003708114715,393.5066023646457,11,5,2,0,3,835.9126279721074,42.064192507207494,1470.4873785678597,689.7081525382198,170.56657172643565,7150.684880165919,0.17794433614481706,7.0941110823999285,43.9400786081,16.212852375906493,310.5882815583152,47.93324197164438,3.357363203634061,BenignTraffic
9.853718798963781,64,1,53.27279531257012,153.51542165601887,495.32028622121607,368.07593951359144,32,7,4,0,2,1242.0917329264682,78.09578380706463,640.9153919915298,340.7184689018445,64.63165270711318,40867.17057305524,0.42923615956509537,65.88615398348264,91.57523341259433,37.3463705727124,183.36338701554803,21.376179077063277,7.199666760705985,BenignTraffic
10.27204191881451,84,1,58.1351121209535,727.9041702756036,104.32225361486181,62.51452348009576,27,6,2,1,1,8709.84510110226,91.53594095948365,474.16215920588644,292.3956873930331,26.31154135140002,2752.5459077318274,0.12758602249900464,1.8182644966399812,57.71040085317838,32.163444495187996,173.47129657906393,192.71668671467432,9.313204069196832,BenignTraffic
118.39808546229094,81,6,9.053671281578717,14106.125073726053,497.35107757219896,391.59296733942074,7,316,3,0,0,4775.041614986423,60.68618601399245,690.1156555144067,751.3689292824658,33.40545171625593,26883.103778630688,0.5667298475803634,78.2160855934989,22.39866364586677,46.23899851253901,28.589773338608406,114.30083085798715,4.05844322206104,Mirai-greeth_flood
44.97506841115883,64,6,71.79181501227208,12327.688349999022,49.45701636997313,393.7080617004275,0,414,3,1,3,7157.535456512891,63.417732832766234,232.15646626540283,322.491929064668,297.9035860886928,33432.041014189876,0.39900206614281497,66.99697116871296,43.215054340762364,7.251002011245104,82.01059889286766,161.36477964831715,5.526046701463772,Mirai-greeth_flood
44.53999343332023,57,17,40.05053015973521,315.6117559394633,6.147186212882864,302.5458343340425,36,1,3,0,4,3989.8024224884434,93.46130097803268,275.98826911696193,342.71593149735236,237.23932947543628,11166.002464884983,0.2853111987413825,31.56978017690601,74.98877016410927,11.987447142979878,459.3683174440846,18.315510967680524,5.168062305554053,BenignTraffic
97.55466811417456,79,1,97.67485134239163,947.5656278613358,26.860158408026475,495.2290820891941,21,9,4,1,2,2661.2383794147813,88.81652880204135,680.207665755664,129.56883470968188,277.37636802990005,45386.659412840985,0.17081982320461964,29.951738654362057,25.676576926121506,40.515970520845855,499.1559401478907,117.71971292113439,2.418502141565813,BenignTraffic
113.67510442832466,47,1,82.33508415800647,967.6826160103925,174.18229034469704,166.0006834326532,5,8,3,0,0,3537.2024588658983,82.89716941310664,1167.4223307147402,552.834998961882,66.56586944854536,42088.911144214864,0.3360029001098621,80.02902665808425,63.12080776657229,21.13284340379002,392.45508217610717,85.65989318241908,6.312808094416855,BenignTraffic
118.32152755236223,78,1,52.29585594756023,191.18528979237988,318.2886336858249,470.92986187971655,20,3,0,0,4,7962.405218640118,54.927823825188874,1360.4371354042873,266.6295608581351,288.56487553379617,24083.102744712338,0.6083513914815096,78.55033250053744,72.57467196499752,10.325540017304506,150.53818613900853,156.67324252647785,7.687017266688532,BenignTraffic
90.4300444125471,79,17,12.40994315179939,31.814808694529145,39.16962273948557,457.7919019034693,31,0,3,1,4,6289.639637811239,94.61299929799867,1030.7451870027794,489.2031258796304,51.369761927217006,21146.2976846668,0.5762094256785222,35.87793308329923,40.94682179883214,49.84027272950401,207.19811783736034,17.300872671421132,9.251873460314373,BenignTraffic
45.2135243051568,53,6,85.95563774873085,7438.390996959404,7.804578192135798,10.682926575942032,34,487,2,0,1,9382.633821583231,49.26494545235278,247.3073773334376,493.5137780399071,157.63373028427662,12591.828335343902,0.1644603762100236,30.59582507989825,72.44926198374901,40.42626362012133,372.3566929039805,86.32120802670673,8.657223414845616,Mirai-greeth_flood
10.111735932170385,71,17,79.99813143285976,423.8100345317795,468.8600590871034,227.80768060503146,14,6,2,1,1,6829.077307910657,77.60623116503331,1040.8276670527491,589.3997716968253,250.61174848094856,36769.66800760322,0.12579489092989277,56.422654099396205,89.57866166463867,23.393346654115515,484.57164287276703,161.82394970237723,5.590174417552285,BenignTraffic
93.27991521969967,90,6,18.540054440749596,97.95184263668874,411.85368479026516,488.6665953605288,4,4,2,0,0,5744.79815437147,41.72807083279112,989.5990889841607,608.931114629331,111.44297280835802,7455.446181966243,0.027650085846263658,1.8282003384302739,52.49050698099168,42.050636462576314,233.18087365739012,109.31248028129029,7.471154390607413,BenignTraffic
67.05266954332302,77,6,29.59830109310898,6647.4103836327195,405.54566971382036,56.04507439199752,45,266,4,0,4,6140.940488959762,78.62318837949675,1228.0694856106638,435.8393258011546,133.20027462130116,34331.64993834537,0.013413168200138333,9.184036760667686,44.461839536180705,35.6271741553619,416.4659834913036,114.50736078973475,8.207050720365036,Mirai-greeth_flood
50.96421890871246,72,17,79.36138508896894,7730.119955400318,442.7900163734787,276.1534237197431,49,188,2,1,1,9429.477250737305,56.62866111240159,1255.3481333130533,298.2439607025523,47.17368198673837,42280.39231980227,0.8799306252839655,13.490789424724937,32.604256122245715,40.5488641806425,487.78377207337127,28.461289573533445,5.441398423645139,Mirai-greeth_flood
108.77189077285884,62,6,18.604321810086226,980.7116537810949,351.5169650221917,489.58396598534654,47,6,4,1,2,7903.18920568039,66.9806186310232,1315.4843060905705,678.0881711260504,45.647345199702094,12195.107219934162,0.04604376714938453,19.355769964890246,64.37849318769739,41.68428699045424,438.0018538174421,35.14280566281736,2.0388480463384098,BenignTraffic
13.432578128507545,54,6,91.7834736682206,6197.66931910885,56.680044225300314,279.9702349324008,5,268,4,1,2,338.00824992773437,60.71587312342319,679.7841204107377,282.3992370563635,189.6747851858113,43454.94274203906,0.7314898887633731,51.68979454087144,89.18668432348444,8.812790748064305,121.30337591795019,138.62992501949932,4.941376874626338,Mirai-greeth_flood
59.16575000447401,72,1,42.510289777116554,409.9380975632828,202.5545930964929,98.95857497121722,24,7,3,0,4,5387.982991743403,50.36540537477259,1077.010153493002,430.6318208519986,205.90438689981644,2632.8367725359144,0.872113111148712,99.23194957125108,39.21951404666747,33.033779945964305,13.935613299055237,138.25885823508477,8.582302343814083,BenignTraffic
1.4613020076135466,64,6,8.795192362507098,9752.274670017403,362.9589957999916,293.18069889583194,45,120,0,1,1,6914.550274310992,77.31884740563245,475.550502491235,350.93943740279605,235.42642908383604,45726.58188393974,0.09895979071389513,65.60872677298799,45.661197208357315,5.305349883957241,251.1200356403234,196.02964490793192,6.369772648543615,Mirai-greeth_flood
56.29241097509574,56,17,81.59328948607767,793.7829885688182,143.76555809180286,106.19808410502569,39,4,3,0,0,7512.114936547635,92.91853330843645,1499.070791976906,691.308789477266,171.43779527770852,6799.749164713603,0.4368651224091846,7.068580650473136,46.59629657949855,6.955531083552678,270.3668075306807,145.27106773245458,7.520125393084051,BenignTraffic
6.850762754252298,72,17,37.41361733553492,553.3502701528581,345.2661502474376,262.2536101327697,28,8,3,1,0,2210.106981207973,97.5450545369442,345.4679379276039,373.9388983593716,197.2701947557787,32642.1997189636,0.9623406801911024,53.03235803216193,60.47311075997654,45.67910040751284,108.61267863007312,103.71626422735498,2.6674121993732878,BenignTraffic
14.346268160541824,86,6,52.69726949596273,616.7711592533298,17.126731892487914,41.65089786661226,6,1,4,1,0,8685.055809068388,51.540781789234906,114.16020432517013,339.57439162811323,13.920008792918816,13254.04097678315,0.8343045218630615,50.16787602656094,30.556806541069477,28.74036746105625,149.49045205394066,172.89228647137503,9.679039913899052,BenignTraffic
14.191396988574876,94,1,11.319204006680796,12154.569553598165,156.53798373539863,304.7139212611303,39,471,4,1,2,9562.84715703412,83.0423664437784,308.3322003254464,567.367769673228,57.02951086978454,41991.06716731108,0.4902143278259972,15.2726137659869,83.99900397769339,38.11558936408362,384.925048815788,29.84986730502788,4.6367247654397845,Mirai-greeth_flood
77.94031522371601,41,1,0.3581430830137403,848.4495408076742,276.81951645720045,260.8110198684383,12,7,2,1,1,2443.481527864211,79.86036199634094,1186.2212053617773,501.83083239608203,295.62528214490237,26102.717684857857,0.7628085416787613,92.10696451143836,36.604204975379915,42.73254456994157,240.47015676943553,95.36620597028836,6.882719704459561,BenignTraffic
89.55078102392424,53,6,63.83472205875044,434.344241500771,317.8844656055899,371.37987753692425,37,2,2,1,1,8837.893029420733,60.60266737447435,725.4971471114961,130.43512512188454,32.038116831591225,7626.818371078566,0.8335442468072322,44.63575951986152,73.48264218070136,47.731404540406324,165.50350096412575,64.55073107623825,1.1698502913154474,BenignTraffic
70.04591493514944,92,6,51.565999516339794,149.55003124655158,290.63512890864587,317.1967332235986,17,6,3,1,2,1060.0897489093443,41.14595196122355,726.5003469345996,431.1266047579724,206.84858445547104,28978.586994972942,0.3486789362255306,99.46135492036423,56.18941676015968,44.12087815652581,315.0867534073405,29.881183316248862,2.145873360297622,BenignTraffic
115.46448856209757,79,17,59.39450305540241,667.5460353603631,350.3893566563476,277.05510292272453,1,9,1,0,0,651.4976775409273,81.38747483877196,1437.0320874563358,601.6087912499357,61.063963579197704,20986.247899652175,0.892260763953091,42.58715722996426,62.730784301748116,26.749015191378227,329.8522804283014,155.0653960968696,8.038308428964271,BenignTraffic
45.04698248489212,79,6,79.39501065301359,223.92954865345442,8.013930378720339,346.44053037782,7,7,1,1,0,1379.3156210172187,96.72969163357001,1387.488871239304,794.0560734435172,217.84838987261617,33410.94301404196,0.47100284635747963,61.18781256567732,26.16478649445726,20.11866383212302,387.0039306519931,107.05048579478793,9.711725009682292,BenignTraffic
34.3568791451951,90,1,64.69593075094372,106.58688513690674,54.965893988873134,76.25124721825428,10,5,2,0,4,671.6366867236563,77.92720731493908,535.6726329256128,521.8601254777393,214.7372168589781,44213.26095340952,0.5282795561952711,11.371491108692567,76.15208783603535,11.952195629271717,86.78755492383038,115.78605678052323,3.880498195499304,BenignTraffic
104.24503546991629,78,6,17.55986693845498,863.3670393202295,435.12740487817683,299.70303232300904,32,9,1,1,3,8465.621147842181,66.11756345125805,392.6813802932126,327.71979983098834,77.91772733854616,21060.067427987506,0.9997079301840092,45.96855455688005,26.9758467138368,23.014466711927597,373.3434536402252,88.13848570296251,1.3346266144713836,BenignTraffic
26.909141038482375,90,17,36.14117465914892,465.5606418435553,342.4655788246298,90.19474839727495,37,8,2,1,1,684.5964301368923,71.50923364669771,1287.8750939072356,219.61369985158882,88.1939757735692,15204.153297159122,0.8434596631860091,24.637823506393357,20.21262738646952,21.492211062252355,303.7199121341051,97.46407400451969,4.247799417821238,BenignTraffic
115.5903824789293,45,17,90.59852136829726,751.7908755688187,60.90116312957559,463.13349288668104,47,6,4,1,1,2789.4754945001896,51.977728459595056,1368.4266994621084,704.6226756149902,199.88350694460559,1711.239631852831,0.36240823576720704,83.72091505855227,59.201154989990826,30.1808678880143,38.21021399837059,32.04330355337059,1.1572131725110237,BenignTraffic
1.5573215153089794,45,17,77.01747555514272,297.68168420829153,421.8268465122967,38.82538189857408,26,9,3,0,1,1127.1878010049782,85.03264982522425,858.2356919178817,660.9239090851271,123.12495124626196,29167.11285513387,0.011335250876227249,78.60803890188645,73.83674232258988,34.94792339407461,390.9483578441714,137.85438661452554,2.731357830362222,BenignTraffic
116.38847132224592,42,17,55.708042087878056,789.1004335684896,124.90445282316063,218.03550109694265,19,4,0,0,3,3024.678159506273,84.78518980059094,981.1931955639407,225.44211558453864,66.41891121297428,20711.463604140245,0.6265478997201007,82.59381996291049,14.503225279128106,49.024646440027134,197.70933785326068,92.1649983249906,7.772248135483646,BenignTraffic
5.274873442874076,46,17,25.638935281146306,14384.620531246688,241.7386426766356,349.4197514394452,11,131,3,1,4,996.5387292491127,48.731038023245496,459.67999856921074,200.4740676099301,222.1870836483697,19357.811731726608,0.7042095127019797,72.63733433803719,16.245578344648788,37.77737837453296,171.8866578215224,165.18583889462082,9.433795582958465,Mirai-greeth_flood
106.94805933239873,90,6,30.27584413329603,362.41364005690417,76.87227387790685,231.72099477578809,42,1,2,0,3,6713.232182355839,92.67870294997954,1221.1237631699344,586.3525826083817,54.70278205753691,9963.830742926413,0.6511518874532363,83.43563913838507,82.24112464353271,33.96868395993155,229.55682427500082,47.29456802718446,1.7870417593199799,BenignTraffic
63.371362979447355,47,6,73.22261095180488,978.2811997937932,356.5044779287448,50.58715035028666,30,6,2,1,0,1419.9354817914939,56.15138436839831,984.9713998286323,286.2140464390696,258.13666260203456,22072.71191437244,0.9678944888120499,20.882046267317165,82.81294295565988,20.079159542075416,179.62578788000323,48.9604677495788,6.0211070092945835,BenignTraffic
119.1564790547041,81,6,85.1323086591918,796.049819204326,335.0929384020626,278.9226129827201,26,3,3,1,0,8533.27466580499,98.9353636561969,804.9189158171953,279.7990987714684,159.25416197502997,49237.65572558504,0.8631080563048121,45.75233388140036,32.077424535317306,6.552674442424669,175.75994018285544,132.69431859083068,3.2849276151162874,BenignTraffic
8.948208111774324,91,6,67.17532448610838,502.2833710115413,109.50067322723741,322.6077948695405,31,8,2,0,1,8190.1914021937455,62.974180842234745,184.15197850975414,164.21768530074144,40.653175124997205,15589.953529939972,0.44938286148746787,69.49284111465084,65.37053825201832,17.965630798461127,405.9580571733065,170.7406504455054,2.251532132145366,BenignTraffic
66.50712869971836,54,17,80.97204457926733,346.37969684626626,432.3833795942159,353.3771939403013,9,0,1,0,2,235.25068615903325,50.67304352406998,1382.3089475156153,247.98163978237244,211.28097672398548,30385.51625699691,0.06379462998490858,64.10185729557836,49.88620676301936,39.5801555206828,71.00757463918922,99.71758933745332,2.9708220690240177,BenignTraffic
116.31937402072997,86,1,76.68894790652055,873.4143430222517,203.64648198875753,189.76360815906565,2,6,1,0,1,8967.690919599634,61.103206680739135,961.6319885381685,370.63066819448716,160.55728147661674,39047.85718446767,0.47658271073249486,71.91909380453461,66.94264372631616,14.237237336171077,485.59403325015467,148.121235059289,6.1998676074793675,BenignTraffic
62.81943151600085,68,6,15.055426398900078,549.3992814936705,149.7949700800172,284.0116856592373,44,5,2,0,2,386.5487357593339,66.41081972183159,369.76753257015514,599.6287529543116,96.43669582049476,37708.73333565005,0.689554775942061,23.20157993197194,87.65913556893025,37.04846871533515,281.9165057434282,199.87268508368626,1.5862105129956494,BenignTraffic
75.56489671241798,72,1,42.45208681003887,760.84076769042,80.40314678494505,228.089805094762,26,7,2,1,3,2472.4932710798107,44.15846638229769,948.9405637762738,302.2310708103123,132.53642026491792,17109.940087136947,0.6081020984187776,10.745036195453984,17.187078212403087,31.090092915623714,99.63275922644333,198.15047154849634,4.907967365515757,BenignTraffic
83.5202678092556,91,6,15.383081702773412,756.5666035130024,136.75316619519103,337.66773918236544,34,4,1,0,0,420.6524639823511,74.69310287339738,1048.4486959359629,296.45325460988204,96.51794564037463,30932.14409232567,0.538598930643174,91.76385122940286,80.01859833896089,12.73355913877092,74.29558663652638,151.42400013612303,2.2170506585964747,BenignTraffic
54.599473665656014,69,6,23.600034921718287,9586.608210379876,15.903326005789413,293.86069882578516,30,310,2,0,2,3424.850521689228,75.85794639213402,836.0784713565157,263.6849394143269,86.27749236540737,43691.9695782377,0.46935013905722606,56.457017661168486,54.37261940689354,16.773116283132346,299.83967074614145,150.5214330388673,3.4540934715503333,Mirai-greeth_flood
75.34421380207921,78,1,86.93903650264015,134.99124496468733,293.7124587657772,265.2493286817718,14,0,2,1,3,5187.278604561389,84.33582732096833,1105.3424331384315,408.71275063328227,57.44644204467654,1756.9239589208194,0.29446811115435895,16.228766526233684,60.771424938579685,27.333662156891442,320.1697274849947,57.047588567792076,2.716788967689375,BenignTraffic
70.15928599957972,66,17,47.3419073667549,663.0330727307949,421.9042194402542,128.51456158493306,15,8,3,0,0,7986.7842032498675,41.750193537444595,914.035527100074,185.4775234559865,115.202468609868,22350.983485322075,0.2780694149629046,79.5502216068488,68.85382240154082,23.826861729853135,35.982627804607276,168.37252999331702,8.946779498478074,BenignTraffic
108.14884545786958,75,6,53.58227437408183,5305.683673476299,276.7453224736127,5.9991662853757886,12,233,0,0,2,3446.0173496513776,72.4742928660298,1426.8774148450075,414.22305052409416,82.78628983166051,11989.39749385336,0.500731247446876,91.57806372629898,93.03608342161967,40.03537313960418,129.07093792310505,86.96940413895291,7.372101977841606,Mirai-greeth_flood
5.5490210029407985,68,6,17.926751926254436,262.93841120904864,113.54061115231848,91.17042927915749,48,5,1,0,1,7084.351244263856,43.17444599623986,175.1759100390296,578.1316671460174,208.19600124563596,20042.982229543108,0.16144254328321936,17.786788338539797,15.104795819656408,38.048208914446114,399.776341398519,192.7788428746963,8.816163210527234,BenignTraffic
33.787486432108416,77,6,31.295951426274726,947.1715746576111,21.666243215866995,62.94769050496348,34,9,3,0,1,1956.2941254779053,82.0686531979992,248.74399185738469,72.34287802446663,208.32425493735883,21383.49079078684,0.3413447381512268,81.92383307164195,12.65287169120029,30.85585265628577,34.31606759432749,25.471260854317748,4.451165510929233,BenignTraffic
114.0543369407794,96,1,23.10159222594421,10916.580655236703,111.2408962631074,227.29694878041863,10,438,0,1,1,7530.924721766852,43.34367914205907,343.1402917360758,57.334535229321396,155.53367034113515,37586.87727454521,0.32465529543538946,93.3892810705937,26.043560333989614,42.00236201628164,428.9934453139577,92.80967008581794,3.820720283683031,Mirai-greeth_flood
106.84262768852086,72,17,20.6979978353908,753.2222119293536,210.9801068951907,308.0677846271131,20,0,2,1,3,2436.366398501452,94.70367090049797,1066.239498846065,106.34218261588191,235.6039129663931,5597.271747376714,0.5875456687826167,93.89779842930572,98.78029534240628,30.32012933079389,332.49961349790345,115.60969265986473,4.425284754079904,BenignTraffic
54.733244659006985,76,1,63.83228325226542,562.4009313948135,381.00765720639924,110.47707929898004,10,5,2,0,1,1521.0930838433023,82.1249540130698,1003.8342218497321,451.74504629608407,253.98851851175397,26116.61125349301,0.06761561806266156,91.50148970369662,74.35687306399981,48.39751654957671,222.86739708797035,86.97967934637133,1.166933761519667,BenignTraffic
74.45389847640425,66,1,25.76269637980691,556.988478634898,97.98221200619818,469.8332625037576,29,5,3,0,4,1935.5476187031377,70.44338590510942,1348.8824042935717,690.8413123890525,178.1322726559392,28645.544798138522,0.82983901158483,55.09568022365018,65.31770071490517,14.775084461798665,179.75209599574876,50.01004619593923,7.522338476337024,BenignTraffic
33.358003839437814,94,17,63.23834705343981,103.21039102444092,361.2967694105696,8.30765396582445,47,2,2,1,0,1902.4249759303684,66.4902353968705,1126.0284340374578,53.663349515188955,189.49119720139578,25213.722574038413,0.5628160020040177,36.26492040813305,14.23351480732731,37.13593971209687,19.431992285958042,122.66781286867688,4.147952112055705,BenignTraffic
22.655727050878983,72,1,5.939615949444535,350.226560683012,434.1320668341824,387.2890025068447,34,7,4,0,3,5177.342505832213,47.840357824795746,811.6976825904292,752.4959784385107,92.0369138380459,36861.789400073285,0.6711558540951594,1.7200079617069193,89.11992015036682,21.64748594245106,414.3553234184031,153.62440377877613,3.8199142321911252,BenignTraffic
55.69743875230387,43,17,14.263261913357477,289.6065896996466,229.70368981363674,314.4763609175689,21,0,3,0,1,8463.496053762647,57.45996337387979,1488.5645094490824,129.70888367790184,269.5120682046007,19805.771539435522,0.7033908098556734,7.030310460281181,83.14811679674436,17.553478748908724,79.93370844458367,132.5193332438373,6.383269588334796,BenignTraffic
42.466932140323735,61,6,27.52657137461253,396.82108195747713,411.6088358630837,189.90962651860255,37,0,0,0,0,888.0902622258058,92.13754630125378,472.5511386370188,681.4876460436698,17.019752882533652,47303.38611836373,0.29219265270569394,43.45506251444168,69.83200394803765,13.11743641854708,161.67557601242316,54.54528127352751,4.9262492053883475,BenignTraffic
70.08036781091955,41,17,59.7449869978796,6306.244830765913,279.5553872773723,29.99202748414192,30,337,3,0,2,7098.867553084884,94.26716869374962,1266.4683236996354,412.1410737372101,111.09471613842524,24608.368684408128,0.47090119581748163,40.533288492759525,40.52177339362324,29.862656431769473,288.8624203777739,149.00550943001954,9.827590314015087,Mirai-greeth_flood
9.420382972101683,49,6,67.61654038422886,378.2133412376962,320.35996435504796,315.6058530332183,13,9,1,0,1,6578.029950563291,40.044862502231865,697.5065210714871,544.518040459133,219.32212224945823,28989.48157112508,0.9562897099137976,19.286677047418436,16.34544600114316,14.696124473714507,130.53637403491456,58.81058314846702,4.206277386089212,BenignTraffic
116.92993743917336,44,1,44.32742498127476,457.1798510393659,265.50783786741033,195.87868886849577,23,0,3,0,0,8737.947523110688,75.64818348865307,1008.2291944260279,433.0122383353868,33.225957804636764,41451.010343990725,0.7669385327588181,40.152522775134024,62.20346391108303,14.015788315178266,253.59882723857865,43.2884489555676,6.5250625798712205,BenignTraffic
118.34666826310439,98,1,44.63451236626518,403.40757658046334,234.27049479191416,468.4522340095435,49,5,2,0,4,2517.0608490183813,83.15803654150682,1118.1758586334076,407.786168884516,63.11916295420486,14486.569190625001,0.9695873183479622,18.290356480081442,74.77251143147538,49.57393572877181,406.5779860819641,141.2269229333572,3.8048599054868655,BenignTraffic
